"Corpus","Query","Tool","Sample","WallMs","CpuMs","Matches","OutputBytes"
"source","needle_tag_7fd9","prototype-scan","1","34.2491","0","0","0"
"source","needle_tag_7fd9","rg-auto","1","35.5129","31.25","0","0"
"source","needle_tag_7fd9","rg-one","1","33.9788","15.625","0","0"
"source","needle_tag_7fd9","git-grep","1","50.7624","15.625","0","0"
"source","needle_tag_7fd9","gnu-grep","1","38.9133","15.625","0","0"
"source","needle_tag_7fd9","search-original","1","30.145","31.25","0","0"
"source","needle_tag_7fd9","rg-auto","2","29.2805","78.125","0","0"
"source","needle_tag_7fd9","rg-one","2","28.5618","31.25","0","0"
"source","needle_tag_7fd9","git-grep","2","47.2282","15.625","0","0"
"source","needle_tag_7fd9","gnu-grep","2","35.3947","31.25","0","0"
"source","needle_tag_7fd9","search-original","2","31.2058","0","0","0"
"source","needle_tag_7fd9","prototype-scan","2","26.947","0","0","0"
"source","needle_tag_7fd9","rg-one","3","31.169","46.875","0","0"
"source","needle_tag_7fd9","git-grep","3","47.1694","15.625","0","0"
"source","needle_tag_7fd9","gnu-grep","3","35.5032","31.25","0","0"
"source","needle_tag_7fd9","search-original","3","27.3527","0","0","0"
"source","needle_tag_7fd9","prototype-scan","3","24.2718","15.625","0","0"
"source","needle_tag_7fd9","rg-auto","3","28.0136","31.25","0","0"
"source","needle_tag_7fd9","git-grep","4","45.8496","15.625","0","0"
"source","needle_tag_7fd9","gnu-grep","4","38.1243","15.625","0","0"
"source","needle_tag_7fd9","search-original","4","31.1583","0","0","0"
"source","needle_tag_7fd9","prototype-scan","4","29.3366","0","0","0"
"source","needle_tag_7fd9","rg-auto","4","33.4897","15.625","0","0"
"source","needle_tag_7fd9","rg-one","4","35.1399","15.625","0","0"
"source","needle_tag_7fd9","gnu-grep","5","43.6097","15.625","0","0"
"source","needle_tag_7fd9","search-original","5","28.6609","0","0","0"
"source","needle_tag_7fd9","prototype-scan","5","28.4725","0","0","0"
"source","needle_tag_7fd9","rg-auto","5","28.5202","15.625","0","0"
"source","needle_tag_7fd9","rg-one","5","27.2983","15.625","0","0"
"source","needle_tag_7fd9","git-grep","5","48.6038","15.625","0","0"
"source","needle_tag_7fd9","search-original","6","28.3613","15.625","0","0"
"source","needle_tag_7fd9","prototype-scan","6","26.6647","15.625","0","0"
"source","needle_tag_7fd9","rg-auto","6","32.1341","31.25","0","0"
"source","needle_tag_7fd9","rg-one","6","29.2642","15.625","0","0"
"source","needle_tag_7fd9","git-grep","6","46.0091","0","0","0"
"source","needle_tag_7fd9","gnu-grep","6","36.1998","15.625","0","0"
"source","needle_tag_7fd9","prototype-scan","7","27.1176","15.625","0","0"
"source","needle_tag_7fd9","rg-auto","7","29.1018","46.875","0","0"
"source","needle_tag_7fd9","rg-one","7","31.7467","15.625","0","0"
"source","needle_tag_7fd9","git-grep","7","52.9082","31.25","0","0"
"source","needle_tag_7fd9","gnu-grep","7","42.158","15.625","0","0"
"source","needle_tag_7fd9","search-original","7","33.0455","0","0","0"
"source","needle_tag_7fd9","rg-auto","8","35.901","15.625","0","0"
"source","needle_tag_7fd9","rg-one","8","35.6287","15.625","0","0"
"source","needle_tag_7fd9","git-grep","8","61.0667","15.625","0","0"
"source","needle_tag_7fd9","gnu-grep","8","46.3775","15.625","0","0"
"source","needle_tag_7fd9","search-original","8","33.6879","0","0","0"
"source","needle_tag_7fd9","prototype-scan","8","29.1899","0","0","0"
"source","needle_tag_7fd9","rg-one","9","33.1885","15.625","0","0"
"source","needle_tag_7fd9","git-grep","9","52.0835","15.625","0","0"
"source","needle_tag_7fd9","gnu-grep","9","39.2785","0","0","0"
"source","needle_tag_7fd9","search-original","9","29.7786","0","0","0"
"source","needle_tag_7fd9","prototype-scan","9","27.9467","15.625","0","0"
"source","needle_tag_7fd9","rg-auto","9","33.5671","15.625","0","0"
"source","needle_tag_7fd9","git-grep","10","51.4543","0","0","0"
"source","needle_tag_7fd9","gnu-grep","10","39.172","15.625","0","0"
"source","needle_tag_7fd9","search-original","10","31.4244","0","0","0"
"source","needle_tag_7fd9","prototype-scan","10","28.2354","0","0","0"
"source","needle_tag_7fd9","rg-auto","10","29.5613","15.625","0","0"
"source","needle_tag_7fd9","rg-one","10","29.4764","46.875","0","0"
"source","needle_tag_7fd9","gnu-grep","11","40.3868","46.875","0","0"
"source","needle_tag_7fd9","search-original","11","28.3783","15.625","0","0"
"source","needle_tag_7fd9","prototype-scan","11","27.4627","0","0","0"
"source","needle_tag_7fd9","rg-auto","11","32.1989","0","0","0"
"source","needle_tag_7fd9","rg-one","11","28.0886","0","0","0"
"source","needle_tag_7fd9","git-grep","11","49.8517","15.625","0","0"
"source","needle_tag_7fd9","search-original","12","28.6957","0","0","0"
"source","needle_tag_7fd9","prototype-scan","12","25.5367","0","0","0"
"source","needle_tag_7fd9","rg-auto","12","27.7118","78.125","0","0"
"source","needle_tag_7fd9","rg-one","12","28.6935","15.625","0","0"
"source","needle_tag_7fd9","git-grep","12","46.392","15.625","0","0"
"source","needle_tag_7fd9","gnu-grep","12","37.6951","15.625","0","0"
"source","needle_tag_7fd9","prototype-scan","13","26.589","0","0","0"
"source","needle_tag_7fd9","rg-auto","13","32.1958","15.625","0","0"
"source","needle_tag_7fd9","rg-one","13","28.4696","15.625","0","0"
"source","needle_tag_7fd9","git-grep","13","47.8172","15.625","0","0"
"source","needle_tag_7fd9","gnu-grep","13","36.6617","46.875","0","0"
"source","needle_tag_7fd9","search-original","13","28.3948","0","0","0"
"source","needle_tag_7fd9","rg-auto","14","31.37","0","0","0"
"source","needle_tag_7fd9","rg-one","14","30.0499","0","0","0"
"source","needle_tag_7fd9","git-grep","14","52.2399","15.625","0","0"
"source","needle_tag_7fd9","gnu-grep","14","39.033","15.625","0","0"
"source","needle_tag_7fd9","search-original","14","28.8465","0","0","0"
"source","needle_tag_7fd9","prototype-scan","14","26.7157","15.625","0","0"
"source","needle_tag_7fd9","rg-one","15","31.6429","15.625","0","0"
"source","needle_tag_7fd9","git-grep","15","53.0989","15.625","0","0"
"source","needle_tag_7fd9","gnu-grep","15","38.7068","15.625","0","0"
"source","needle_tag_7fd9","search-original","15","31.8867","15.625","0","0"
"source","needle_tag_7fd9","prototype-scan","15","27.4978","15.625","0","0"
"source","needle_tag_7fd9","rg-auto","15","32.1858","31.25","0","0"
"source","needle_tag_7fd9","git-grep","16","51.7866","46.875","0","0"
"source","needle_tag_7fd9","gnu-grep","16","40.218","15.625","0","0"
"source","needle_tag_7fd9","search-original","16","28.9188","15.625","0","0"
"source","needle_tag_7fd9","prototype-scan","16","24.4554","0","0","0"
"source","needle_tag_7fd9","rg-auto","16","29.4688","0","0","0"
"source","needle_tag_7fd9","rg-one","16","27.907","15.625","0","0"
"source","needle_tag_7fd9","gnu-grep","17","38.715","78.125","0","0"
"source","needle_tag_7fd9","search-original","17","27.7783","15.625","0","0"
"source","needle_tag_7fd9","prototype-scan","17","25.0607","0","0","0"
"source","needle_tag_7fd9","rg-auto","17","28.3999","62.5","0","0"
"source","needle_tag_7fd9","rg-one","17","28.775","15.625","0","0"
"source","needle_tag_7fd9","git-grep","17","49.0312","0","0","0"
"source","needle_tag_7fd9","search-original","18","30.3948","31.25","0","0"
"source","needle_tag_7fd9","prototype-scan","18","25.9206","15.625","0","0"
"source","needle_tag_7fd9","rg-auto","18","31.3302","0","0","0"
"source","needle_tag_7fd9","rg-one","18","29.7781","15.625","0","0"
"source","needle_tag_7fd9","git-grep","18","46.9679","15.625","0","0"
"source","needle_tag_7fd9","gnu-grep","18","37.7516","15.625","0","0"
"source","needle_tag_7fd9","prototype-scan","19","26.8804","15.625","0","0"
"source","needle_tag_7fd9","rg-auto","19","28.3334","62.5","0","0"
"source","needle_tag_7fd9","rg-one","19","27.5441","15.625","0","0"
"source","needle_tag_7fd9","git-grep","19","45.547","15.625","0","0"
"source","needle_tag_7fd9","gnu-grep","19","35.4682","15.625","0","0"
"source","needle_tag_7fd9","search-original","19","29.9051","15.625","0","0"
"source","needle_tag_7fd9","rg-auto","20","28.8175","0","0","0"
"source","needle_tag_7fd9","rg-one","20","28.8435","0","0","0"
"source","needle_tag_7fd9","git-grep","20","46.2391","0","0","0"
"source","needle_tag_7fd9","gnu-grep","20","38.3412","15.625","0","0"
"source","needle_tag_7fd9","search-original","20","28.5981","125","0","0"
"source","needle_tag_7fd9","prototype-scan","20","27.5748","15.625","0","0"
"source","needle_tag_7fd9","rg-one","21","29.2485","15.625","0","0"
"source","needle_tag_7fd9","git-grep","21","48.3418","0","0","0"
"source","needle_tag_7fd9","gnu-grep","21","40.031","15.625","0","0"
"source","needle_tag_7fd9","search-original","21","29.4387","15.625","0","0"
"source","needle_tag_7fd9","prototype-scan","21","27.0061","15.625","0","0"
"source","needle_tag_7fd9","rg-auto","21","26.1937","15.625","0","0"
"source","zzqxyw_no_such_content","prototype-scan","1","26.3372","15.625","0","0"
"source","zzqxyw_no_such_content","rg-auto","1","32.5139","15.625","0","0"
"source","zzqxyw_no_such_content","rg-one","1","27.8865","15.625","0","0"
"source","zzqxyw_no_such_content","git-grep","1","45.6388","15.625","0","0"
"source","zzqxyw_no_such_content","gnu-grep","1","34.9373","15.625","0","0"
"source","zzqxyw_no_such_content","search-original","1","27.257","15.625","0","0"
"source","zzqxyw_no_such_content","rg-auto","2","29.5801","0","0","0"
"source","zzqxyw_no_such_content","rg-one","2","29.7719","15.625","0","0"
"source","zzqxyw_no_such_content","git-grep","2","48.2267","0","0","0"
"source","zzqxyw_no_such_content","gnu-grep","2","37.0689","15.625","0","0"
"source","zzqxyw_no_such_content","search-original","2","29.821","15.625","0","0"
"source","zzqxyw_no_such_content","prototype-scan","2","25.5892","15.625","0","0"
"source","zzqxyw_no_such_content","rg-one","3","29.7318","15.625","0","0"
"source","zzqxyw_no_such_content","git-grep","3","44.8296","15.625","0","0"
"source","zzqxyw_no_such_content","gnu-grep","3","37.0063","15.625","0","0"
"source","zzqxyw_no_such_content","search-original","3","26.9833","15.625","0","0"
"source","zzqxyw_no_such_content","prototype-scan","3","23.8612","0","0","0"
"source","zzqxyw_no_such_content","rg-auto","3","29.3138","15.625","0","0"
"source","zzqxyw_no_such_content","git-grep","4","47.4541","15.625","0","0"
"source","zzqxyw_no_such_content","gnu-grep","4","36.4462","31.25","0","0"
"source","zzqxyw_no_such_content","search-original","4","37.6309","31.25","0","0"
"source","zzqxyw_no_such_content","prototype-scan","4","33.7586","0","0","0"
"source","zzqxyw_no_such_content","rg-auto","4","30.1861","15.625","0","0"
"source","zzqxyw_no_such_content","rg-one","4","28.7296","15.625","0","0"
"source","zzqxyw_no_such_content","gnu-grep","5","36.4116","46.875","0","0"
"source","zzqxyw_no_such_content","search-original","5","27.2632","0","0","0"
"source","zzqxyw_no_such_content","prototype-scan","5","23.6543","15.625","0","0"
"source","zzqxyw_no_such_content","rg-auto","5","30.1917","0","0","0"
"source","zzqxyw_no_such_content","rg-one","5","27.2529","15.625","0","0"
"source","zzqxyw_no_such_content","git-grep","5","46.9782","0","0","0"
"source","zzqxyw_no_such_content","search-original","6","26.7076","0","0","0"
"source","zzqxyw_no_such_content","prototype-scan","6","24.2411","15.625","0","0"
"source","zzqxyw_no_such_content","rg-auto","6","28.4787","0","0","0"
"source","zzqxyw_no_such_content","rg-one","6","29.123","15.625","0","0"
"source","zzqxyw_no_such_content","git-grep","6","48.6831","15.625","0","0"
"source","zzqxyw_no_such_content","gnu-grep","6","38.2668","15.625","0","0"
"source","zzqxyw_no_such_content","prototype-scan","7","27.5216","15.625","0","0"
"source","zzqxyw_no_such_content","rg-auto","7","30.2689","15.625","0","0"
"source","zzqxyw_no_such_content","rg-one","7","30.3409","15.625","0","0"
"source","zzqxyw_no_such_content","git-grep","7","49.8466","15.625","0","0"
"source","zzqxyw_no_such_content","gnu-grep","7","38.55","15.625","0","0"
"source","zzqxyw_no_such_content","search-original","7","30.9075","15.625","0","0"
"source","zzqxyw_no_such_content","rg-auto","8","30.1849","0","0","0"
"source","zzqxyw_no_such_content","rg-one","8","28.8534","15.625","0","0"
"source","zzqxyw_no_such_content","git-grep","8","48.4007","0","0","0"
"source","zzqxyw_no_such_content","gnu-grep","8","40.6332","15.625","0","0"
"source","zzqxyw_no_such_content","search-original","8","37.1084","0","0","0"
"source","zzqxyw_no_such_content","prototype-scan","8","33.7573","15.625","0","0"
"source","zzqxyw_no_such_content","rg-one","9","31.0072","15.625","0","0"
"source","zzqxyw_no_such_content","git-grep","9","55.4677","31.25","0","0"
"source","zzqxyw_no_such_content","gnu-grep","9","40.1367","15.625","0","0"
"source","zzqxyw_no_such_content","search-original","9","29.3589","15.625","0","0"
"source","zzqxyw_no_such_content","prototype-scan","9","25.4587","15.625","0","0"
"source","zzqxyw_no_such_content","rg-auto","9","29.4721","15.625","0","0"
"source","zzqxyw_no_such_content","git-grep","10","53.9501","15.625","0","0"
"source","zzqxyw_no_such_content","gnu-grep","10","40.7672","93.75","0","0"
"source","zzqxyw_no_such_content","search-original","10","32.6089","62.5","0","0"
"source","zzqxyw_no_such_content","prototype-scan","10","27.8058","31.25","0","0"
"source","zzqxyw_no_such_content","rg-auto","10","35.0415","0","0","0"
"source","zzqxyw_no_such_content","rg-one","10","29.6474","15.625","0","0"
"source","zzqxyw_no_such_content","gnu-grep","11","39.2303","15.625","0","0"
"source","zzqxyw_no_such_content","search-original","11","31.5415","0","0","0"
"source","zzqxyw_no_such_content","prototype-scan","11","26.2669","0","0","0"
"source","zzqxyw_no_such_content","rg-auto","11","32.1839","46.875","0","0"
"source","zzqxyw_no_such_content","rg-one","11","29.043","15.625","0","0"
"source","zzqxyw_no_such_content","git-grep","11","44.5165","31.25","0","0"
"source","zzqxyw_no_such_content","search-original","12","29.6223","0","0","0"
"source","zzqxyw_no_such_content","prototype-scan","12","25.5312","15.625","0","0"
"source","zzqxyw_no_such_content","rg-auto","12","29.0525","0","0","0"
"source","zzqxyw_no_such_content","rg-one","12","29.5886","0","0","0"
"source","zzqxyw_no_such_content","git-grep","12","45.7193","15.625","0","0"
"source","zzqxyw_no_such_content","gnu-grep","12","35.8497","31.25","0","0"
"source","zzqxyw_no_such_content","prototype-scan","13","35.5826","15.625","0","0"
"source","zzqxyw_no_such_content","rg-auto","13","33.3152","46.875","0","0"
"source","zzqxyw_no_such_content","rg-one","13","28.7766","15.625","0","0"
"source","zzqxyw_no_such_content","git-grep","13","50.2153","31.25","0","0"
"source","zzqxyw_no_such_content","gnu-grep","13","36.3667","31.25","0","0"
"source","zzqxyw_no_such_content","search-original","13","28.0314","0","0","0"
"source","zzqxyw_no_such_content","rg-auto","14","31.2454","15.625","0","0"
"source","zzqxyw_no_such_content","rg-one","14","27.3077","15.625","0","0"
"source","zzqxyw_no_such_content","git-grep","14","45.6694","15.625","0","0"
"source","zzqxyw_no_such_content","gnu-grep","14","37.0784","46.875","0","0"
"source","zzqxyw_no_such_content","search-original","14","28.337","0","0","0"
"source","zzqxyw_no_such_content","prototype-scan","14","26.3273","0","0","0"
"source","zzqxyw_no_such_content","rg-one","15","28.8714","15.625","0","0"
"source","zzqxyw_no_such_content","git-grep","15","48.9636","15.625","0","0"
"source","zzqxyw_no_such_content","gnu-grep","15","35.4718","0","0","0"
"source","zzqxyw_no_such_content","search-original","15","27.9429","15.625","0","0"
"source","zzqxyw_no_such_content","prototype-scan","15","25.3807","15.625","0","0"
"source","zzqxyw_no_such_content","rg-auto","15","28.1205","0","0","0"
"source","zzqxyw_no_such_content","git-grep","16","46.1222","0","0","0"
"source","zzqxyw_no_such_content","gnu-grep","16","38.336","15.625","0","0"
"source","zzqxyw_no_such_content","search-original","16","29.9762","15.625","0","0"
"source","zzqxyw_no_such_content","prototype-scan","16","24.9838","31.25","0","0"
"source","zzqxyw_no_such_content","rg-auto","16","28.9771","15.625","0","0"
"source","zzqxyw_no_such_content","rg-one","16","27.2922","0","0","0"
"source","zzqxyw_no_such_content","gnu-grep","17","35.7537","31.25","0","0"
"source","zzqxyw_no_such_content","search-original","17","29.2765","0","0","0"
"source","zzqxyw_no_such_content","prototype-scan","17","25.6397","0","0","0"
"source","zzqxyw_no_such_content","rg-auto","17","29.2153","15.625","0","0"
"source","zzqxyw_no_such_content","rg-one","17","27.9285","31.25","0","0"
"source","zzqxyw_no_such_content","git-grep","17","50.6482","15.625","0","0"
"source","zzqxyw_no_such_content","search-original","18","28.6069","15.625","0","0"
"source","zzqxyw_no_such_content","prototype-scan","18","29.5058","31.25","0","0"
"source","zzqxyw_no_such_content","rg-auto","18","33.5412","15.625","0","0"
"source","zzqxyw_no_such_content","rg-one","18","33.2125","15.625","0","0"
"source","zzqxyw_no_such_content","git-grep","18","56.5531","0","0","0"
"source","zzqxyw_no_such_content","gnu-grep","18","40.7904","31.25","0","0"
"source","zzqxyw_no_such_content","prototype-scan","19","28.8259","0","0","0"
"source","zzqxyw_no_such_content","rg-auto","19","34.0964","15.625","0","0"
"source","zzqxyw_no_such_content","rg-one","19","34.1414","15.625","0","0"
"source","zzqxyw_no_such_content","git-grep","19","53.52","15.625","0","0"
"source","zzqxyw_no_such_content","gnu-grep","19","41.4113","15.625","0","0"
"source","zzqxyw_no_such_content","search-original","19","32.6642","15.625","0","0"
"source","zzqxyw_no_such_content","rg-auto","20","35.0107","31.25","0","0"
"source","zzqxyw_no_such_content","rg-one","20","31.359","0","0","0"
"source","zzqxyw_no_such_content","git-grep","20","52.1377","15.625","0","0"
"source","zzqxyw_no_such_content","gnu-grep","20","40.3813","15.625","0","0"
"source","zzqxyw_no_such_content","search-original","20","31.9634","0","0","0"
"source","zzqxyw_no_such_content","prototype-scan","20","28.0159","0","0","0"
"source","zzqxyw_no_such_content","rg-one","21","31.0258","15.625","0","0"
"source","zzqxyw_no_such_content","git-grep","21","49.2073","15.625","0","0"
"source","zzqxyw_no_such_content","gnu-grep","21","37.0416","15.625","0","0"
"source","zzqxyw_no_such_content","search-original","21","26.9941","15.625","0","0"
"source","zzqxyw_no_such_content","prototype-scan","21","24.0355","0","0","0"
"source","zzqxyw_no_such_content","rg-auto","21","32.0335","31.25","0","0"
"source","abcd","prototype-scan","1","28.7275","15.625","1","112"
"source","abcd","rg-auto","1","29.6804","0","1","112"
"source","abcd","rg-one","1","29.7584","0","1","112"
"source","abcd","git-grep","1","49.1155","0","1","112"
"source","abcd","gnu-grep","1","44.7651","15.625","1","112"
"source","abcd","search-original","1","36.8299","15.625","1","113"
"source","abcd","rg-auto","2","37.3376","31.25","1","112"
"source","abcd","rg-one","2","36.2866","31.25","1","112"
"source","abcd","git-grep","2","55.8156","15.625","1","112"
"source","abcd","gnu-grep","2","40.8806","31.25","1","112"
"source","abcd","search-original","2","28.7292","15.625","1","113"
"source","abcd","prototype-scan","2","27.5421","15.625","1","112"
"source","abcd","rg-one","3","28.5941","0","1","112"
"source","abcd","git-grep","3","47.7533","15.625","1","112"
"source","abcd","gnu-grep","3","37.4035","31.25","1","112"
"source","abcd","search-original","3","30.5795","15.625","1","113"
"source","abcd","prototype-scan","3","25.0188","0","1","112"
"source","abcd","rg-auto","3","30.0532","0","1","112"
"source","abcd","git-grep","4","46.411","0","1","112"
"source","abcd","gnu-grep","4","37.6856","15.625","1","112"
"source","abcd","search-original","4","28.0499","15.625","1","113"
"source","abcd","prototype-scan","4","25.1091","0","1","112"
"source","abcd","rg-auto","4","28.439","15.625","1","112"
"source","abcd","rg-one","4","27.6845","15.625","1","112"
"source","abcd","gnu-grep","5","39.7211","31.25","1","112"
"source","abcd","search-original","5","28.2664","0","1","113"
"source","abcd","prototype-scan","5","24.6816","0","1","112"
"source","abcd","rg-auto","5","29.7934","31.25","1","112"
"source","abcd","rg-one","5","29.1745","15.625","1","112"
"source","abcd","git-grep","5","46.4002","15.625","1","112"
"source","abcd","search-original","6","28.2145","15.625","1","113"
"source","abcd","prototype-scan","6","25.3209","0","1","112"
"source","abcd","rg-auto","6","27.2123","15.625","1","112"
"source","abcd","rg-one","6","30.0908","15.625","1","112"
"source","abcd","git-grep","6","50.5564","62.5","1","112"
"source","abcd","gnu-grep","6","36.3024","78.125","1","112"
"source","abcd","prototype-scan","7","26.2702","0","1","112"
"source","abcd","rg-auto","7","29.3678","15.625","1","112"
"source","abcd","rg-one","7","28.6285","15.625","1","112"
"source","abcd","git-grep","7","46.4453","31.25","1","112"
"source","abcd","gnu-grep","7","36.6654","31.25","1","112"
"source","abcd","search-original","7","29.5693","0","1","113"
"source","abcd","rg-auto","8","33.0148","15.625","1","112"
"source","abcd","rg-one","8","31.5791","15.625","1","112"
"source","abcd","git-grep","8","47.5246","0","1","112"
"source","abcd","gnu-grep","8","38.9437","15.625","1","112"
"source","abcd","search-original","8","27.0068","31.25","1","113"
"source","abcd","prototype-scan","8","26.4364","31.25","1","112"
"source","abcd","rg-one","9","32.5586","15.625","1","112"
"source","abcd","git-grep","9","56.0504","15.625","1","112"
"source","abcd","gnu-grep","9","59.9766","15.625","1","112"
"source","abcd","search-original","9","61.3171","15.625","1","113"
"source","abcd","prototype-scan","9","52.4325","31.25","1","112"
"source","abcd","rg-auto","9","38.3562","0","1","112"
"source","abcd","git-grep","10","53.526","15.625","1","112"
"source","abcd","gnu-grep","10","42.706","15.625","1","112"
"source","abcd","search-original","10","32.4559","0","1","113"
"source","abcd","prototype-scan","10","29.3754","0","1","112"
"source","abcd","rg-auto","10","33.7201","15.625","1","112"
"source","abcd","rg-one","10","33.6711","15.625","1","112"
"source","abcd","gnu-grep","11","43.5472","15.625","1","112"
"source","abcd","search-original","11","31.7853","15.625","1","113"
"source","abcd","prototype-scan","11","30.1753","15.625","1","112"
"source","abcd","rg-auto","11","31.0347","15.625","1","112"
"source","abcd","rg-one","11","29.1601","15.625","1","112"
"source","abcd","git-grep","11","46.7925","15.625","1","112"
"source","abcd","search-original","12","27.9238","0","1","113"
"source","abcd","prototype-scan","12","25.5393","15.625","1","112"
"source","abcd","rg-auto","12","31.2658","31.25","1","112"
"source","abcd","rg-one","12","28.2772","15.625","1","112"
"source","abcd","git-grep","12","47.7818","0","1","112"
"source","abcd","gnu-grep","12","38.9475","15.625","1","112"
"source","abcd","prototype-scan","13","25.9752","0","1","112"
"source","abcd","rg-auto","13","30.8813","31.25","1","112"
"source","abcd","rg-one","13","27.3478","31.25","1","112"
"source","abcd","git-grep","13","49.3202","15.625","1","112"
"source","abcd","gnu-grep","13","38.0881","46.875","1","112"
"source","abcd","search-original","13","30.3439","15.625","1","113"
"source","abcd","rg-auto","14","31.7683","15.625","1","112"
"source","abcd","rg-one","14","27.6417","0","1","112"
"source","abcd","git-grep","14","45.9475","0","1","112"
"source","abcd","gnu-grep","14","35.1588","31.25","1","112"
"source","abcd","search-original","14","29.2204","31.25","1","113"
"source","abcd","prototype-scan","14","24.7328","0","1","112"
"source","abcd","rg-one","15","26.8604","31.25","1","112"
"source","abcd","git-grep","15","46.0699","15.625","1","112"
"source","abcd","gnu-grep","15","36.4337","15.625","1","112"
"source","abcd","search-original","15","27.3059","15.625","1","113"
"source","abcd","prototype-scan","15","24.577","15.625","1","112"
"source","abcd","rg-auto","15","28.5266","0","1","112"
"source","abcd","git-grep","16","46.0104","0","1","112"
"source","abcd","gnu-grep","16","37.4179","15.625","1","112"
"source","abcd","search-original","16","26.8881","0","1","113"
"source","abcd","prototype-scan","16","25.1388","0","1","112"
"source","abcd","rg-auto","16","30.8784","15.625","1","112"
"source","abcd","rg-one","16","30.8962","15.625","1","112"
"source","abcd","gnu-grep","17","39.5915","31.25","1","112"
"source","abcd","search-original","17","30.3918","15.625","1","113"
"source","abcd","prototype-scan","17","25.9288","0","1","112"
"source","abcd","rg-auto","17","30.9552","0","1","112"
"source","abcd","rg-one","17","30.491","0","1","112"
"source","abcd","git-grep","17","48.5167","15.625","1","112"
"source","abcd","search-original","18","29.7357","15.625","1","113"
"source","abcd","prototype-scan","18","25.5423","0","1","112"
"source","abcd","rg-auto","18","29.0522","31.25","1","112"
"source","abcd","rg-one","18","27.7298","15.625","1","112"
"source","abcd","git-grep","18","47.3824","0","1","112"
"source","abcd","gnu-grep","18","37.503","15.625","1","112"
"source","abcd","prototype-scan","19","25.9206","0","1","112"
"source","abcd","rg-auto","19","30.705","31.25","1","112"
"source","abcd","rg-one","19","26.2819","31.25","1","112"
"source","abcd","git-grep","19","48.0865","0","1","112"
"source","abcd","gnu-grep","19","35.9081","15.625","1","112"
"source","abcd","search-original","19","27.3448","15.625","1","113"
"source","abcd","rg-auto","20","29.7125","15.625","1","112"
"source","abcd","rg-one","20","27.4025","15.625","1","112"
"source","abcd","git-grep","20","46.1312","15.625","1","112"
"source","abcd","gnu-grep","20","36.3906","15.625","1","112"
"source","abcd","search-original","20","27.2253","62.5","1","113"
"source","abcd","prototype-scan","20","24.8953","0","1","112"
"source","abcd","rg-one","21","27.461","15.625","1","112"
"source","abcd","git-grep","21","49.1488","15.625","1","112"
"source","abcd","gnu-grep","21","36.3593","31.25","1","112"
"source","abcd","search-original","21","27.9997","0","1","113"
"source","abcd","prototype-scan","21","25.0931","0","1","112"
"source","abcd","rg-auto","21","29.1879","62.5","1","112"
"source","return","prototype-scan","1","31.7002","15.625","559","34400"
"source","return","rg-auto","1","32.4621","31.25","559","34400"
"source","return","rg-one","1","32.0372","15.625","559","34400"
"source","return","git-grep","1","53.3625","15.625","559","34400"
"source","return","gnu-grep","1","41.9212","15.625","559","34400"
"source","return","search-original","1","32.6285","15.625","559","34959"
"source","return","rg-auto","2","32.2238","0","559","34400"
"source","return","rg-one","2","31.9148","15.625","559","34400"
"source","return","git-grep","2","53.3917","31.25","559","34400"
"source","return","gnu-grep","2","39.9674","15.625","559","34400"
"source","return","search-original","2","33.0999","15.625","559","34959"
"source","return","prototype-scan","2","27.0918","0","559","34400"
"source","return","rg-one","3","29.9865","15.625","559","34400"
"source","return","git-grep","3","51.8395","0","559","34400"
"source","return","gnu-grep","3","41.8438","15.625","559","34400"
"source","return","search-original","3","29.5932","0","559","34959"
"source","return","prototype-scan","3","25.3609","0","559","34400"
"source","return","rg-auto","3","31.3611","31.25","559","34400"
"source","return","git-grep","4","62.2141","0","559","34400"
"source","return","gnu-grep","4","37.6827","15.625","559","34400"
"source","return","search-original","4","33.8205","31.25","559","34959"
"source","return","prototype-scan","4","28.2307","0","559","34400"
"source","return","rg-auto","4","34.9571","0","559","34400"
"source","return","rg-one","4","32.2469","15.625","559","34400"
"source","return","gnu-grep","5","42.1464","31.25","559","34400"
"source","return","search-original","5","30.5669","0","559","34959"
"source","return","prototype-scan","5","26.6993","0","559","34400"
"source","return","rg-auto","5","28.0074","0","559","34400"
"source","return","rg-one","5","29.829","0","559","34400"
"source","return","git-grep","5","48.4469","0","559","34400"
"source","return","search-original","6","29.4575","15.625","559","34959"
"source","return","prototype-scan","6","26.4198","0","559","34400"
"source","return","rg-auto","6","29.5414","15.625","559","34400"
"source","return","rg-one","6","27.7216","15.625","559","34400"
"source","return","git-grep","6","48.0943","15.625","559","34400"
"source","return","gnu-grep","6","41.8458","15.625","559","34400"
"source","return","prototype-scan","7","30.1927","0","559","34400"
"source","return","rg-auto","7","33.8059","0","559","34400"
"source","return","rg-one","7","30.1272","15.625","559","34400"
"source","return","git-grep","7","47.5938","15.625","559","34400"
"source","return","gnu-grep","7","40.3011","15.625","559","34400"
"source","return","search-original","7","28.1873","15.625","559","34959"
"source","return","rg-auto","8","31.7339","15.625","559","34400"
"source","return","rg-one","8","31.4424","0","559","34400"
"source","return","git-grep","8","53.8911","0","559","34400"
"source","return","gnu-grep","8","39.0792","46.875","559","34400"
"source","return","search-original","8","31.304","15.625","559","34959"
"source","return","prototype-scan","8","28.2019","0","559","34400"
"source","return","rg-one","9","30.4865","15.625","559","34400"
"source","return","git-grep","9","49.7189","0","559","34400"
"source","return","gnu-grep","9","38.2711","15.625","559","34400"
"source","return","search-original","9","28.4425","0","559","34959"
"source","return","prototype-scan","9","27.7987","0","559","34400"
"source","return","rg-auto","9","33.3088","15.625","559","34400"
"source","return","git-grep","10","45.1678","15.625","559","34400"
"source","return","gnu-grep","10","37.2291","15.625","559","34400"
"source","return","search-original","10","28.2216","46.875","559","34959"
"source","return","prototype-scan","10","25.4976","15.625","559","34400"
"source","return","rg-auto","10","29.2672","15.625","559","34400"
"source","return","rg-one","10","29.221","15.625","559","34400"
"source","return","gnu-grep","11","39.3835","15.625","559","34400"
"source","return","search-original","11","30.1874","15.625","559","34959"
"source","return","prototype-scan","11","43.9544","0","559","34400"
"source","return","rg-auto","11","27.6336","31.25","559","34400"
"source","return","rg-one","11","28.0994","15.625","559","34400"
"source","return","git-grep","11","46.5141","15.625","559","34400"
"source","return","search-original","12","27.4194","31.25","559","34959"
"source","return","prototype-scan","12","25.0039","15.625","559","34400"
"source","return","rg-auto","12","26.3223","0","559","34400"
"source","return","rg-one","12","28.5993","15.625","559","34400"
"source","return","git-grep","12","46.6337","15.625","559","34400"
"source","return","gnu-grep","12","37.6906","15.625","559","34400"
"source","return","prototype-scan","13","25.1281","15.625","559","34400"
"source","return","rg-auto","13","29.0304","15.625","559","34400"
"source","return","rg-one","13","28.6331","0","559","34400"
"source","return","git-grep","13","47.7971","15.625","559","34400"
"source","return","gnu-grep","13","37.4728","15.625","559","34400"
"source","return","search-original","13","28.4899","0","559","34959"
"source","return","rg-auto","14","29.1467","31.25","559","34400"
"source","return","rg-one","14","29.2698","15.625","559","34400"
"source","return","git-grep","14","46.472","15.625","559","34400"
"source","return","gnu-grep","14","37.9766","46.875","559","34400"
"source","return","search-original","14","29.2304","0","559","34959"
"source","return","prototype-scan","14","25.8188","0","559","34400"
"source","return","rg-one","15","25.6912","15.625","559","34400"
"source","return","git-grep","15","47.2755","15.625","559","34400"
"source","return","gnu-grep","15","38.03","31.25","559","34400"
"source","return","search-original","15","30.0461","78.125","559","34959"
"source","return","prototype-scan","15","28.5316","15.625","559","34400"
"source","return","rg-auto","15","33.5277","31.25","559","34400"
"source","return","git-grep","16","50.4758","31.25","559","34400"
"source","return","gnu-grep","16","39.4493","15.625","559","34400"
"source","return","search-original","16","29.9669","0","559","34959"
"source","return","prototype-scan","16","27.4754","31.25","559","34400"
"source","return","rg-auto","16","37.6869","31.25","559","34400"
"source","return","rg-one","16","28.0315","15.625","559","34400"
"source","return","gnu-grep","17","37.2951","31.25","559","34400"
"source","return","search-original","17","29.294","0","559","34959"
"source","return","prototype-scan","17","26.3497","15.625","559","34400"
"source","return","rg-auto","17","29.558","0","559","34400"
"source","return","rg-one","17","29.7647","0","559","34400"
"source","return","git-grep","17","49.1447","0","559","34400"
"source","return","search-original","18","30.062","15.625","559","34959"
"source","return","prototype-scan","18","26.1631","0","559","34400"
"source","return","rg-auto","18","29.7451","0","559","34400"
"source","return","rg-one","18","29.2637","0","559","34400"
"source","return","git-grep","18","51.901","15.625","559","34400"
"source","return","gnu-grep","18","41.9446","31.25","559","34400"
"source","return","prototype-scan","19","27.0235","15.625","559","34400"
"source","return","rg-auto","19","32.5189","0","559","34400"
"source","return","rg-one","19","30.9194","15.625","559","34400"
"source","return","git-grep","19","51.0533","15.625","559","34400"
"source","return","gnu-grep","19","39.9397","78.125","559","34400"
"source","return","search-original","19","30.2664","140.625","559","34959"
"source","return","rg-auto","20","34.3594","46.875","559","34400"
"source","return","rg-one","20","29.5822","15.625","559","34400"
"source","return","git-grep","20","48.2507","15.625","559","34400"
"source","return","gnu-grep","20","37.3272","15.625","559","34400"
"source","return","search-original","20","28.7685","93.75","559","34959"
"source","return","prototype-scan","20","27.749","15.625","559","34400"
"source","return","rg-one","21","29.8596","15.625","559","34400"
"source","return","git-grep","21","47.4669","15.625","559","34400"
"source","return","gnu-grep","21","36.5531","0","559","34400"
"source","return","search-original","21","29.7391","0","559","34959"
"source","return","prototype-scan","21","25.4661","15.625","559","34400"
"source","return","rg-auto","21","27.6801","46.875","559","34400"
"source","::","prototype-scan","1","27.7565","15.625","3581","285914"
"source","::","rg-auto","1","27.7457","31.25","3581","285914"
"source","::","rg-one","1","30.324","15.625","3581","285914"
"source","::","git-grep","1","49.8288","31.25","3581","285914"
"source","::","gnu-grep","1","39.4913","31.25","3581","285914"
"source","::","search-original","1","38.361","15.625","3581","289495"
"source","::","rg-auto","2","34.7602","62.5","3581","285914"
"source","::","rg-one","2","35.3847","15.625","3581","285914"
"source","::","git-grep","2","52.6454","31.25","3581","285914"
"source","::","gnu-grep","2","41.6526","31.25","3581","285914"
"source","::","search-original","2","38.2478","15.625","3581","289495"
"source","::","prototype-scan","2","30.8689","31.25","3581","285914"
"source","::","rg-one","3","34.3259","15.625","3581","285914"
"source","::","git-grep","3","51.7967","15.625","3581","285914"
"source","::","gnu-grep","3","41.1055","15.625","3581","285914"
"source","::","search-original","3","36.4112","15.625","3581","289495"
"source","::","prototype-scan","3","28.8502","15.625","3581","285914"
"source","::","rg-auto","3","28.5363","31.25","3581","285914"
"source","::","git-grep","4","47.7215","31.25","3581","285914"
"source","::","gnu-grep","4","41.8678","31.25","3581","285914"
"source","::","search-original","4","37.1889","15.625","3581","289495"
"source","::","prototype-scan","4","29.568","15.625","3581","285914"
"source","::","rg-auto","4","30.8064","0","3581","285914"
"source","::","rg-one","4","32.7363","31.25","3581","285914"
"source","::","gnu-grep","5","40.2408","31.25","3581","285914"
"source","::","search-original","5","42.8549","0","3581","289495"
"source","::","prototype-scan","5","40.2096","15.625","3581","285914"
"source","::","rg-auto","5","38.7439","15.625","3581","285914"
"source","::","rg-one","5","40.2938","15.625","3581","285914"
"source","::","git-grep","5","64.6796","15.625","3581","285914"
"source","::","search-original","6","44.2853","15.625","3581","289495"
"source","::","prototype-scan","6","37.0914","15.625","3581","285914"
"source","::","rg-auto","6","38.6124","31.25","3581","285914"
"source","::","rg-one","6","35.9288","15.625","3581","285914"
"source","::","git-grep","6","56.4805","0","3581","285914"
"source","::","gnu-grep","6","46.0566","46.875","3581","285914"
"source","::","prototype-scan","7","32.2388","31.25","3581","285914"
"source","::","rg-auto","7","32.2258","31.25","3581","285914"
"source","::","rg-one","7","35.1446","15.625","3581","285914"
"source","::","git-grep","7","54.0706","15.625","3581","285914"
"source","::","gnu-grep","7","47.868","46.875","3581","285914"
"source","::","search-original","7","40.2172","31.25","3581","289495"
"source","::","rg-auto","8","32.6378","31.25","3581","285914"
"source","::","rg-one","8","50.4203","31.25","3581","285914"
"source","::","git-grep","8","62.3092","15.625","3581","285914"
"source","::","gnu-grep","8","42.8359","31.25","3581","285914"
"source","::","search-original","8","42.4723","15.625","3581","289495"
"source","::","prototype-scan","8","33.2681","31.25","3581","285914"
"source","::","rg-one","9","32.7963","0","3581","285914"
"source","::","git-grep","9","51.033","15.625","3581","285914"
"source","::","gnu-grep","9","43.632","31.25","3581","285914"
"source","::","search-original","9","37.2073","15.625","3581","289495"
"source","::","prototype-scan","9","28.7443","0","3581","285914"
"source","::","rg-auto","9","29.7933","62.5","3581","285914"
"source","::","git-grep","10","50.7667","15.625","3581","285914"
"source","::","gnu-grep","10","40.4586","15.625","3581","285914"
"source","::","search-original","10","34.6174","31.25","3581","289495"
"source","::","prototype-scan","10","30.4855","15.625","3581","285914"
"source","::","rg-auto","10","32.9187","15.625","3581","285914"
"source","::","rg-one","10","33.3621","15.625","3581","285914"
"source","::","gnu-grep","11","42.1261","31.25","3581","285914"
"source","::","search-original","11","39.1181","31.25","3581","289495"
"source","::","prototype-scan","11","29.2069","0","3581","285914"
"source","::","rg-auto","11","32.2173","15.625","3581","285914"
"source","::","rg-one","11","30.0985","15.625","3581","285914"
"source","::","git-grep","11","51.4889","0","3581","285914"
"source","::","search-original","12","37.6873","15.625","3581","289495"
"source","::","prototype-scan","12","27.1369","15.625","3581","285914"
"source","::","rg-auto","12","29.1735","15.625","3581","285914"
"source","::","rg-one","12","32.1243","15.625","3581","285914"
"source","::","git-grep","12","48.2958","15.625","3581","285914"
"source","::","gnu-grep","12","39.3953","15.625","3581","285914"
"source","::","prototype-scan","13","28.3413","15.625","3581","285914"
"source","::","rg-auto","13","29.3991","15.625","3581","285914"
"source","::","rg-one","13","31.259","15.625","3581","285914"
"source","::","git-grep","13","49.4686","0","3581","285914"
"source","::","gnu-grep","13","42.5026","15.625","3581","285914"
"source","::","search-original","13","35.204","15.625","3581","289495"
"source","::","rg-auto","14","30.3785","31.25","3581","285914"
"source","::","rg-one","14","31.4483","15.625","3581","285914"
"source","::","git-grep","14","50.2637","15.625","3581","285914"
"source","::","gnu-grep","14","39.3462","15.625","3581","285914"
"source","::","search-original","14","37.2277","93.75","3581","289495"
"source","::","prototype-scan","14","26.892","15.625","3581","285914"
"source","::","rg-one","15","32.4035","15.625","3581","285914"
"source","::","git-grep","15","49.5007","15.625","3581","285914"
"source","::","gnu-grep","15","38.273","46.875","3581","285914"
"source","::","search-original","15","35.6168","0","3581","289495"
"source","::","prototype-scan","15","28.5645","0","3581","285914"
"source","::","rg-auto","15","31.1268","31.25","3581","285914"
"source","::","git-grep","16","47.982","15.625","3581","285914"
"source","::","gnu-grep","16","41.1486","15.625","3581","285914"
"source","::","search-original","16","35.8163","15.625","3581","289495"
"source","::","prototype-scan","16","27.9378","31.25","3581","285914"
"source","::","rg-auto","16","32.8911","0","3581","285914"
"source","::","rg-one","16","30.4539","15.625","3581","285914"
"source","::","gnu-grep","17","40.2404","31.25","3581","285914"
"source","::","search-original","17","36.9738","15.625","3581","289495"
"source","::","prototype-scan","17","27.5503","0","3581","285914"
"source","::","rg-auto","17","29.2814","0","3581","285914"
"source","::","rg-one","17","33.4724","15.625","3581","285914"
"source","::","git-grep","17","53.1601","15.625","3581","285914"
"source","::","search-original","18","38.7219","15.625","3581","289495"
"source","::","prototype-scan","18","29.1953","15.625","3581","285914"
"source","::","rg-auto","18","32.5375","15.625","3581","285914"
"source","::","rg-one","18","30.8891","15.625","3581","285914"
"source","::","git-grep","18","51.2105","15.625","3581","285914"
"source","::","gnu-grep","18","40.2403","15.625","3581","285914"
"source","::","prototype-scan","19","28.3105","15.625","3581","285914"
"source","::","rg-auto","19","29.7852","15.625","3581","285914"
"source","::","rg-one","19","31.8896","15.625","3581","285914"
"source","::","git-grep","19","49.857","15.625","3581","285914"
"source","::","gnu-grep","19","39.9403","31.25","3581","285914"
"source","::","search-original","19","36.3046","31.25","3581","289495"
"source","::","rg-auto","20","31.3934","15.625","3581","285914"
"source","::","rg-one","20","31.0722","31.25","3581","285914"
"source","::","git-grep","20","50.5768","0","3581","285914"
"source","::","gnu-grep","20","40.2696","15.625","3581","285914"
"source","::","search-original","20","35.3913","15.625","3581","289495"
"source","::","prototype-scan","20","27.4883","31.25","3581","285914"
"source","::","rg-one","21","30.3195","15.625","3581","285914"
"source","::","git-grep","21","49.9793","15.625","3581","285914"
"source","::","gnu-grep","21","40.2623","62.5","3581","285914"
"source","::","search-original","21","39.1455","15.625","3581","289495"
"source","::","prototype-scan","21","27.9717","0","3581","285914"
"source","::","rg-auto","21","28.8751","15.625","3581","285914"
"source","café","prototype-scan","1","26.114","31.25","0","0"
"source","café","rg-auto","1","30.0277","0","0","0"
"source","café","rg-one","1","27.4258","0","0","0"
"source","café","git-grep","1","47.867","15.625","0","0"
"source","café","gnu-grep","1","36.0231","15.625","0","0"
"source","café","search-original","1","27.4681","15.625","0","0"
"source","café","rg-auto","2","32.0474","0","0","0"
"source","café","rg-one","2","30.9918","15.625","0","0"
"source","café","git-grep","2","50.4975","15.625","0","0"
"source","café","gnu-grep","2","37.829","15.625","0","0"
"source","café","search-original","2","28.8325","0","0","0"
"source","café","prototype-scan","2","26.0308","15.625","0","0"
"source","café","rg-one","3","28.1241","15.625","0","0"
"source","café","git-grep","3","47.8822","0","0","0"
"source","café","gnu-grep","3","37.2915","0","0","0"
"source","café","search-original","3","29.5388","15.625","0","0"
"source","café","prototype-scan","3","24.6767","15.625","0","0"
"source","café","rg-auto","3","32.351","0","0","0"
"source","café","git-grep","4","50.2739","15.625","0","0"
"source","café","gnu-grep","4","36.8101","46.875","0","0"
"source","café","search-original","4","28.7962","0","0","0"
"source","café","prototype-scan","4","24.9642","15.625","0","0"
"source","café","rg-auto","4","29.7646","15.625","0","0"
"source","café","rg-one","4","28.3341","0","0","0"
"source","café","gnu-grep","5","39.6947","0","0","0"
"source","café","search-original","5","30.1715","0","0","0"
"source","café","prototype-scan","5","26.5667","15.625","0","0"
"source","café","rg-auto","5","30.5286","62.5","0","0"
"source","café","rg-one","5","30.2689","15.625","0","0"
"source","café","git-grep","5","52.8381","15.625","0","0"
"source","café","search-original","6","36.5653","109.375","0","0"
"source","café","prototype-scan","6","31.2325","15.625","0","0"
"source","café","rg-auto","6","31.6553","0","0","0"
"source","café","rg-one","6","29.1903","15.625","0","0"
"source","café","git-grep","6","47.4603","15.625","0","0"
"source","café","gnu-grep","6","37.7747","15.625","0","0"
"source","café","prototype-scan","7","24.9947","15.625","0","0"
"source","café","rg-auto","7","31.8422","31.25","0","0"
"source","café","rg-one","7","27.5022","15.625","0","0"
"source","café","git-grep","7","48.4547","15.625","0","0"
"source","café","gnu-grep","7","36.5888","15.625","0","0"
"source","café","search-original","7","27.2991","15.625","0","0"
"source","café","rg-auto","8","27.6437","140.625","0","0"
"source","café","rg-one","8","28.729","15.625","0","0"
"source","café","git-grep","8","48.992","15.625","0","0"
"source","café","gnu-grep","8","37.6269","0","0","0"
"source","café","search-original","8","27.187","15.625","0","0"
"source","café","prototype-scan","8","26.5443","31.25","0","0"
"source","café","rg-one","9","28.0389","15.625","0","0"
"source","café","git-grep","9","46.4347","15.625","0","0"
"source","café","gnu-grep","9","35.8236","15.625","0","0"
"source","café","search-original","9","28.0617","15.625","0","0"
"source","café","prototype-scan","9","27.2744","15.625","0","0"
"source","café","rg-auto","9","27.9125","15.625","0","0"
"source","café","git-grep","10","46.1361","15.625","0","0"
"source","café","gnu-grep","10","35.2384","31.25","0","0"
"source","café","search-original","10","29.9981","15.625","0","0"
"source","café","prototype-scan","10","24.9958","0","0","0"
"source","café","rg-auto","10","33.0905","31.25","0","0"
"source","café","rg-one","10","32.158","0","0","0"
"source","café","gnu-grep","11","44.1751","15.625","0","0"
"source","café","search-original","11","30.6242","0","0","0"
"source","café","prototype-scan","11","24.5282","15.625","0","0"
"source","café","rg-auto","11","29.9981","0","0","0"
"source","café","rg-one","11","28.1129","15.625","0","0"
"source","café","git-grep","11","48.4765","15.625","0","0"
"source","café","search-original","12","29.6157","15.625","0","0"
"source","café","prototype-scan","12","24.8943","0","0","0"
"source","café","rg-auto","12","28.2442","15.625","0","0"
"source","café","rg-one","12","26.9622","31.25","0","0"
"source","café","git-grep","12","47.6331","0","0","0"
"source","café","gnu-grep","12","37.3665","15.625","0","0"
"source","café","prototype-scan","13","26.9103","0","0","0"
"source","café","rg-auto","13","40.5703","31.25","0","0"
"source","café","rg-one","13","34.4428","15.625","0","0"
"source","café","git-grep","13","47.2611","15.625","0","0"
"source","café","gnu-grep","13","36.6741","0","0","0"
"source","café","search-original","13","27.4665","0","0","0"
"source","café","rg-auto","14","30.4172","15.625","0","0"
"source","café","rg-one","14","27.5472","31.25","0","0"
"source","café","git-grep","14","46.5144","0","0","0"
"source","café","gnu-grep","14","37.5328","15.625","0","0"
"source","café","search-original","14","28.3507","0","0","0"
"source","café","prototype-scan","14","24.6823","46.875","0","0"
"source","café","rg-one","15","27.0447","15.625","0","0"
"source","café","git-grep","15","47.4044","15.625","0","0"
"source","café","gnu-grep","15","44.8021","15.625","0","0"
"source","café","search-original","15","35.8395","109.375","0","0"
"source","café","prototype-scan","15","29.1533","15.625","0","0"
"source","café","rg-auto","15","33.6975","31.25","0","0"
"source","café","git-grep","16","51.6541","15.625","0","0"
"source","café","gnu-grep","16","37.943","31.25","0","0"
"source","café","search-original","16","28.4615","0","0","0"
"source","café","prototype-scan","16","26.4209","0","0","0"
"source","café","rg-auto","16","33.3925","15.625","0","0"
"source","café","rg-one","16","31.1921","15.625","0","0"
"source","café","gnu-grep","17","38.3231","15.625","0","0"
"source","café","search-original","17","26.8499","203.125","0","0"
"source","café","prototype-scan","17","25.0457","0","0","0"
"source","café","rg-auto","17","33.8709","31.25","0","0"
"source","café","rg-one","17","28.7521","0","0","0"
"source","café","git-grep","17","46.2034","0","0","0"
"source","café","search-original","18","28.4061","0","0","0"
"source","café","prototype-scan","18","26.8558","15.625","0","0"
"source","café","rg-auto","18","27.2521","31.25","0","0"
"source","café","rg-one","18","29.0804","15.625","0","0"
"source","café","git-grep","18","46.686","15.625","0","0"
"source","café","gnu-grep","18","35.1914","15.625","0","0"
"source","café","prototype-scan","19","25.7394","15.625","0","0"
"source","café","rg-auto","19","31.3893","0","0","0"
"source","café","rg-one","19","27.1411","0","0","0"
"source","café","git-grep","19","46.9147","15.625","0","0"
"source","café","gnu-grep","19","38.5571","15.625","0","0"
"source","café","search-original","19","28.6517","62.5","0","0"
"source","café","rg-auto","20","27.224","0","0","0"
"source","café","rg-one","20","31.2937","15.625","0","0"
"source","café","git-grep","20","46.7298","0","0","0"
"source","café","gnu-grep","20","37.0048","15.625","0","0"
"source","café","search-original","20","27.2414","109.375","0","0"
"source","café","prototype-scan","20","26.0761","15.625","0","0"
"source","café","rg-one","21","29.0817","0","0","0"
"source","café","git-grep","21","49.3069","0","0","0"
"source","café","gnu-grep","21","38.8507","15.625","0","0"
"source","café","search-original","21","28.7948","31.25","0","0"
"source","café","prototype-scan","21","25.2505","15.625","0","0"
"source","café","rg-auto","21","29.0077","15.625","0","0"
"source","normalize_search_text","prototype-scan","1","26.1311","0","109","9826"
"source","normalize_search_text","rg-auto","1","32.4428","46.875","109","9826"
"source","normalize_search_text","rg-one","1","28.7071","0","109","9826"
"source","normalize_search_text","git-grep","1","47.3372","15.625","109","9826"
"source","normalize_search_text","gnu-grep","1","36.774","31.25","109","9826"
"source","normalize_search_text","search-original","1","28.2804","15.625","109","9935"
"source","normalize_search_text","rg-auto","2","27.7684","0","109","9826"
"source","normalize_search_text","rg-one","2","28.5648","15.625","109","9826"
"source","normalize_search_text","git-grep","2","49.5951","15.625","109","9826"
"source","normalize_search_text","gnu-grep","2","35.662","15.625","109","9826"
"source","normalize_search_text","search-original","2","29.3135","15.625","109","9935"
"source","normalize_search_text","prototype-scan","2","25.7074","0","109","9826"
"source","normalize_search_text","rg-one","3","26.2283","15.625","109","9826"
"source","normalize_search_text","git-grep","3","47.8401","31.25","109","9826"
"source","normalize_search_text","gnu-grep","3","35.1108","31.25","109","9826"
"source","normalize_search_text","search-original","3","28.1939","0","109","9935"
"source","normalize_search_text","prototype-scan","3","25.0068","0","109","9826"
"source","normalize_search_text","rg-auto","3","27.5396","31.25","109","9826"
"source","normalize_search_text","git-grep","4","49.9787","15.625","109","9826"
"source","normalize_search_text","gnu-grep","4","36.9599","46.875","109","9826"
"source","normalize_search_text","search-original","4","28.2669","0","109","9935"
"source","normalize_search_text","prototype-scan","4","25.3436","15.625","109","9826"
"source","normalize_search_text","rg-auto","4","28.0818","78.125","109","9826"
"source","normalize_search_text","rg-one","4","30.1658","15.625","109","9826"
"source","normalize_search_text","gnu-grep","5","38.5349","15.625","109","9826"
"source","normalize_search_text","search-original","5","30.5106","0","109","9935"
"source","normalize_search_text","prototype-scan","5","27.9837","0","109","9826"
"source","normalize_search_text","rg-auto","5","26.8061","15.625","109","9826"
"source","normalize_search_text","rg-one","5","28.3298","15.625","109","9826"
"source","normalize_search_text","git-grep","5","47.9059","0","109","9826"
"source","normalize_search_text","search-original","6","27.9677","109.375","109","9935"
"source","normalize_search_text","prototype-scan","6","25.0083","0","109","9826"
"source","normalize_search_text","rg-auto","6","31.1741","0","109","9826"
"source","normalize_search_text","rg-one","6","27.1674","15.625","109","9826"
"source","normalize_search_text","git-grep","6","48.6805","15.625","109","9826"
"source","normalize_search_text","gnu-grep","6","38.2488","15.625","109","9826"
"source","normalize_search_text","prototype-scan","7","24.6327","15.625","109","9826"
"source","normalize_search_text","rg-auto","7","30.4483","15.625","109","9826"
"source","normalize_search_text","rg-one","7","27.8724","0","109","9826"
"source","normalize_search_text","git-grep","7","46.4903","15.625","109","9826"
"source","normalize_search_text","gnu-grep","7","37.0286","31.25","109","9826"
"source","normalize_search_text","search-original","7","29.9341","218.75","109","9935"
"source","normalize_search_text","rg-auto","8","31.5956","0","109","9826"
"source","normalize_search_text","rg-one","8","28.1742","15.625","109","9826"
"source","normalize_search_text","git-grep","8","46.9354","15.625","109","9826"
"source","normalize_search_text","gnu-grep","8","37.9905","0","109","9826"
"source","normalize_search_text","search-original","8","29.1062","0","109","9935"
"source","normalize_search_text","prototype-scan","8","25.1564","31.25","109","9826"
"source","normalize_search_text","rg-one","9","29.0511","15.625","109","9826"
"source","normalize_search_text","git-grep","9","47.004","0","109","9826"
"source","normalize_search_text","gnu-grep","9","38.1324","15.625","109","9826"
"source","normalize_search_text","search-original","9","30.0176","15.625","109","9935"
"source","normalize_search_text","prototype-scan","9","25.5806","31.25","109","9826"
"source","normalize_search_text","rg-auto","9","33.1133","31.25","109","9826"
"source","normalize_search_text","git-grep","10","49.3872","15.625","109","9826"
"source","normalize_search_text","gnu-grep","10","36.6906","15.625","109","9826"
"source","normalize_search_text","search-original","10","29.6947","15.625","109","9935"
"source","normalize_search_text","prototype-scan","10","24.9929","0","109","9826"
"source","normalize_search_text","rg-auto","10","27.9584","15.625","109","9826"
"source","normalize_search_text","rg-one","10","27.9374","15.625","109","9826"
"source","normalize_search_text","gnu-grep","11","37.8008","15.625","109","9826"
"source","normalize_search_text","search-original","11","29.2739","0","109","9935"
"source","normalize_search_text","prototype-scan","11","26.9528","15.625","109","9826"
"source","normalize_search_text","rg-auto","11","32.7426","31.25","109","9826"
"source","normalize_search_text","rg-one","11","28.4177","15.625","109","9826"
"source","normalize_search_text","git-grep","11","48.5963","31.25","109","9826"
"source","normalize_search_text","search-original","12","28.89","15.625","109","9935"
"source","normalize_search_text","prototype-scan","12","25.266","15.625","109","9826"
"source","normalize_search_text","rg-auto","12","33.138","0","109","9826"
"source","normalize_search_text","rg-one","12","27.2986","15.625","109","9826"
"source","normalize_search_text","git-grep","12","47.9368","15.625","109","9826"
"source","normalize_search_text","gnu-grep","12","40.5392","46.875","109","9826"
"source","normalize_search_text","prototype-scan","13","26.4672","0","109","9826"
"source","normalize_search_text","rg-auto","13","27.3542","15.625","109","9826"
"source","normalize_search_text","rg-one","13","27.1404","15.625","109","9826"
"source","normalize_search_text","git-grep","13","47.837","0","109","9826"
"source","normalize_search_text","gnu-grep","13","37.5506","15.625","109","9826"
"source","normalize_search_text","search-original","13","30.3069","0","109","9935"
"source","normalize_search_text","rg-auto","14","29.6682","15.625","109","9826"
"source","normalize_search_text","rg-one","14","28.9343","15.625","109","9826"
"source","normalize_search_text","git-grep","14","47.9791","15.625","109","9826"
"source","normalize_search_text","gnu-grep","14","37.0878","31.25","109","9826"
"source","normalize_search_text","search-original","14","30.4943","78.125","109","9935"
"source","normalize_search_text","prototype-scan","14","27.2748","31.25","109","9826"
"source","normalize_search_text","rg-one","15","28.3984","0","109","9826"
"source","normalize_search_text","git-grep","15","47.1008","15.625","109","9826"
"source","normalize_search_text","gnu-grep","15","38.2799","15.625","109","9826"
"source","normalize_search_text","search-original","15","27.4627","62.5","109","9935"
"source","normalize_search_text","prototype-scan","15","26.6818","31.25","109","9826"
"source","normalize_search_text","rg-auto","15","31.9244","0","109","9826"
"source","normalize_search_text","git-grep","16","51.5201","15.625","109","9826"
"source","normalize_search_text","gnu-grep","16","41.4021","46.875","109","9826"
"source","normalize_search_text","search-original","16","31.4527","140.625","109","9935"
"source","normalize_search_text","prototype-scan","16","29.6291","15.625","109","9826"
"source","normalize_search_text","rg-auto","16","36.4954","31.25","109","9826"
"source","normalize_search_text","rg-one","16","32.2854","15.625","109","9826"
"source","normalize_search_text","gnu-grep","17","36.6549","31.25","109","9826"
"source","normalize_search_text","search-original","17","29.3012","15.625","109","9935"
"source","normalize_search_text","prototype-scan","17","25.0516","0","109","9826"
"source","normalize_search_text","rg-auto","17","29.7418","15.625","109","9826"
"source","normalize_search_text","rg-one","17","28.623","15.625","109","9826"
"source","normalize_search_text","git-grep","17","45.811","31.25","109","9826"
"source","normalize_search_text","search-original","18","27.3146","31.25","109","9935"
"source","normalize_search_text","prototype-scan","18","26.3042","15.625","109","9826"
"source","normalize_search_text","rg-auto","18","28.7744","15.625","109","9826"
"source","normalize_search_text","rg-one","18","28.4887","0","109","9826"
"source","normalize_search_text","git-grep","18","50.2403","15.625","109","9826"
"source","normalize_search_text","gnu-grep","18","36.1036","15.625","109","9826"
"source","normalize_search_text","prototype-scan","19","26.1785","31.25","109","9826"
"source","normalize_search_text","rg-auto","19","29.7574","0","109","9826"
"source","normalize_search_text","rg-one","19","27.9789","15.625","109","9826"
"source","normalize_search_text","git-grep","19","47.9813","15.625","109","9826"
"source","normalize_search_text","gnu-grep","19","38.7605","15.625","109","9826"
"source","normalize_search_text","search-original","19","28.0606","15.625","109","9935"
"source","normalize_search_text","rg-auto","20","31.3889","15.625","109","9826"
"source","normalize_search_text","rg-one","20","28.9019","31.25","109","9826"
"source","normalize_search_text","git-grep","20","45.7062","15.625","109","9826"
"source","normalize_search_text","gnu-grep","20","37.4008","46.875","109","9826"
"source","normalize_search_text","search-original","20","28.656","0","109","9935"
"source","normalize_search_text","prototype-scan","20","25.1903","15.625","109","9826"
"source","normalize_search_text","rg-one","21","28.183","15.625","109","9826"
"source","normalize_search_text","git-grep","21","46.6938","15.625","109","9826"
"source","normalize_search_text","gnu-grep","21","37.2691","15.625","109","9826"
"source","normalize_search_text","search-original","21","28.2881","0","109","9935"
"source","normalize_search_text","prototype-scan","21","25.1159","15.625","109","9826"
"source","normalize_search_text","rg-auto","21","30.5317","0","109","9826"
"many","needle_tag_7fd9","prototype-scan","1","83.59","78.125","1","74"
"many","needle_tag_7fd9","rg-auto","1","70.5913","125","1","74"
"many","needle_tag_7fd9","rg-one","1","117.7912","93.75","1","74"
"many","needle_tag_7fd9","git-grep","1","68.5267","0","1","74"
"many","needle_tag_7fd9","gnu-grep","1","191.4726","171.875","1","74"
"many","needle_tag_7fd9","search-original","1","52.6642","140.625","1","75"
"many","needle_tag_7fd9","rg-auto","2","72.2535","140.625","1","74"
"many","needle_tag_7fd9","rg-one","2","126.3642","109.375","1","74"
"many","needle_tag_7fd9","git-grep","2","68.1741","15.625","1","74"
"many","needle_tag_7fd9","gnu-grep","2","190.6769","171.875","1","74"
"many","needle_tag_7fd9","search-original","2","50.4274","265.625","1","75"
"many","needle_tag_7fd9","prototype-scan","2","83.0744","78.125","1","74"
"many","needle_tag_7fd9","rg-one","3","119.4767","93.75","1","74"
"many","needle_tag_7fd9","git-grep","3","68.2847","15.625","1","74"
"many","needle_tag_7fd9","gnu-grep","3","190.1185","171.875","1","74"
"many","needle_tag_7fd9","search-original","3","46.6801","265.625","1","75"
"many","needle_tag_7fd9","prototype-scan","3","80.899","62.5","1","74"
"many","needle_tag_7fd9","rg-auto","3","74.0269","109.375","1","74"
"many","needle_tag_7fd9","git-grep","4","65.7677","0","1","74"
"many","needle_tag_7fd9","gnu-grep","4","194.0916","156.25","1","74"
"many","needle_tag_7fd9","search-original","4","48.5528","203.125","1","75"
"many","needle_tag_7fd9","prototype-scan","4","80.656","46.875","1","74"
"many","needle_tag_7fd9","rg-auto","4","76.3674","93.75","1","74"
"many","needle_tag_7fd9","rg-one","4","118.1227","93.75","1","74"
"many","needle_tag_7fd9","gnu-grep","5","191.3316","187.5","1","74"
"many","needle_tag_7fd9","search-original","5","51.7448","234.375","1","75"
"many","needle_tag_7fd9","prototype-scan","5","87.2193","62.5","1","74"
"many","needle_tag_7fd9","rg-auto","5","76.4027","281.25","1","74"
"many","needle_tag_7fd9","rg-one","5","128.1895","109.375","1","74"
"many","needle_tag_7fd9","git-grep","5","65.543","15.625","1","74"
"many","needle_tag_7fd9","search-original","6","47.444","234.375","1","75"
"many","needle_tag_7fd9","prototype-scan","6","84.1087","62.5","1","74"
"many","needle_tag_7fd9","rg-auto","6","70.9089","125","1","74"
"many","needle_tag_7fd9","rg-one","6","121.8781","109.375","1","74"
"many","needle_tag_7fd9","git-grep","6","66.8531","15.625","1","74"
"many","needle_tag_7fd9","gnu-grep","6","192.5814","171.875","1","74"
"many","needle_tag_7fd9","prototype-scan","7","77.7774","46.875","1","74"
"many","needle_tag_7fd9","rg-auto","7","71.6389","156.25","1","74"
"many","needle_tag_7fd9","rg-one","7","124.9694","93.75","1","74"
"many","needle_tag_7fd9","git-grep","7","67.6871","15.625","1","74"
"many","needle_tag_7fd9","gnu-grep","7","187.4138","171.875","1","74"
"many","needle_tag_7fd9","search-original","7","56.5876","250","1","75"
"many","needle_tag_7fd9","rg-auto","8","88.6102","218.75","1","74"
"many","needle_tag_7fd9","rg-one","8","133.6572","109.375","1","74"
"many","needle_tag_7fd9","git-grep","8","71.8815","0","1","74"
"many","needle_tag_7fd9","gnu-grep","8","216.0185","250","1","74"
"many","needle_tag_7fd9","search-original","8","63.5315","203.125","1","75"
"many","needle_tag_7fd9","prototype-scan","8","104.5858","109.375","1","74"
"many","needle_tag_7fd9","rg-one","9","134.9122","109.375","1","74"
"many","needle_tag_7fd9","git-grep","9","77.8488","15.625","1","74"
"many","needle_tag_7fd9","gnu-grep","9","238.6733","203.125","1","74"
"many","needle_tag_7fd9","search-original","9","57.8174","250","1","75"
"many","needle_tag_7fd9","prototype-scan","9","92.4025","62.5","1","74"
"many","needle_tag_7fd9","rg-auto","9","90.4521","140.625","1","74"
"many","needle_tag_7fd9","git-grep","10","85.297","0","1","74"
"many","needle_tag_7fd9","gnu-grep","10","233.1994","203.125","1","74"
"many","needle_tag_7fd9","search-original","10","61.4541","203.125","1","75"
"many","needle_tag_7fd9","prototype-scan","10","95.2605","78.125","1","74"
"many","needle_tag_7fd9","rg-auto","10","84.1313","140.625","1","74"
"many","needle_tag_7fd9","rg-one","10","146.9151","125","1","74"
"many","needle_tag_7fd9","gnu-grep","11","238.5821","218.75","1","74"
"many","needle_tag_7fd9","search-original","11","60.0206","93.75","1","75"
"many","needle_tag_7fd9","prototype-scan","11","99.7252","62.5","1","74"
"many","needle_tag_7fd9","rg-auto","11","80.5829","125","1","74"
"many","needle_tag_7fd9","rg-one","11","123.7127","109.375","1","74"
"many","needle_tag_7fd9","git-grep","11","95.2085","15.625","1","74"
"many","needle_tag_7fd9","search-original","12","52.9431","171.875","1","75"
"many","needle_tag_7fd9","prototype-scan","12","102.9548","62.5","1","74"
"many","needle_tag_7fd9","rg-auto","12","72.1015","156.25","1","74"
"many","needle_tag_7fd9","rg-one","12","134.4367","125","1","74"
"many","needle_tag_7fd9","git-grep","12","78.5155","15.625","1","74"
"many","needle_tag_7fd9","gnu-grep","12","220.8197","203.125","1","74"
"many","needle_tag_7fd9","prototype-scan","13","114.05","109.375","1","74"
"many","needle_tag_7fd9","rg-auto","13","83.6356","218.75","1","74"
"many","needle_tag_7fd9","rg-one","13","135.3007","93.75","1","74"
"many","needle_tag_7fd9","git-grep","13","75.3372","15.625","1","74"
"many","needle_tag_7fd9","gnu-grep","13","202.1251","218.75","1","74"
"many","needle_tag_7fd9","search-original","13","52.7139","171.875","1","75"
"many","needle_tag_7fd9","rg-auto","14","77.4449","78.125","1","74"
"many","needle_tag_7fd9","rg-one","14","132.3354","125","1","74"
"many","needle_tag_7fd9","git-grep","14","82.8001","0","1","74"
"many","needle_tag_7fd9","gnu-grep","14","210.0536","203.125","1","74"
"many","needle_tag_7fd9","search-original","14","54.8108","156.25","1","75"
"many","needle_tag_7fd9","prototype-scan","14","113.6538","109.375","1","74"
"many","needle_tag_7fd9","rg-one","15","129.9574","109.375","1","74"
"many","needle_tag_7fd9","git-grep","15","68.5301","0","1","74"
"many","needle_tag_7fd9","gnu-grep","15","195.5477","187.5","1","74"
"many","needle_tag_7fd9","search-original","15","51.4933","125","1","75"
"many","needle_tag_7fd9","prototype-scan","15","83.9457","78.125","1","74"
"many","needle_tag_7fd9","rg-auto","15","84.3622","203.125","1","74"
"many","needle_tag_7fd9","git-grep","16","73.2344","15.625","1","74"
"many","needle_tag_7fd9","gnu-grep","16","196.9447","156.25","1","74"
"many","needle_tag_7fd9","search-original","16","52.0378","93.75","1","75"
"many","needle_tag_7fd9","prototype-scan","16","81.9716","62.5","1","74"
"many","needle_tag_7fd9","rg-auto","16","76.543","140.625","1","74"
"many","needle_tag_7fd9","rg-one","16","131.289","109.375","1","74"
"many","needle_tag_7fd9","gnu-grep","17","224.4057","187.5","1","74"
"many","needle_tag_7fd9","search-original","17","58.0858","187.5","1","75"
"many","needle_tag_7fd9","prototype-scan","17","114.4485","93.75","1","74"
"many","needle_tag_7fd9","rg-auto","17","78.6341","93.75","1","74"
"many","needle_tag_7fd9","rg-one","17","124.4246","109.375","1","74"
"many","needle_tag_7fd9","git-grep","17","67.3717","15.625","1","74"
"many","needle_tag_7fd9","search-original","18","50.9347","187.5","1","75"
"many","needle_tag_7fd9","prototype-scan","18","100.8377","78.125","1","74"
"many","needle_tag_7fd9","rg-auto","18","72.0633","156.25","1","74"
"many","needle_tag_7fd9","rg-one","18","121.0327","93.75","1","74"
"many","needle_tag_7fd9","git-grep","18","66.731","0","1","74"
"many","needle_tag_7fd9","gnu-grep","18","195.5488","171.875","1","74"
"many","needle_tag_7fd9","prototype-scan","19","102.9483","93.75","1","74"
"many","needle_tag_7fd9","rg-auto","19","73.138","125","1","74"
"many","needle_tag_7fd9","rg-one","19","136.6667","109.375","1","74"
"many","needle_tag_7fd9","git-grep","19","96.139","15.625","1","74"
"many","needle_tag_7fd9","gnu-grep","19","247.9243","187.5","1","74"
"many","needle_tag_7fd9","search-original","19","63.0928","296.875","1","75"
"many","needle_tag_7fd9","rg-auto","20","82.8107","281.25","1","74"
"many","needle_tag_7fd9","rg-one","20","119.0856","109.375","1","74"
"many","needle_tag_7fd9","git-grep","20","64.9552","0","1","74"
"many","needle_tag_7fd9","gnu-grep","20","196.8554","171.875","1","74"
"many","needle_tag_7fd9","search-original","20","54.6145","156.25","1","75"
"many","needle_tag_7fd9","prototype-scan","20","81.6691","62.5","1","74"
"many","needle_tag_7fd9","rg-one","21","116.8343","125","1","74"
"many","needle_tag_7fd9","git-grep","21","66.9584","15.625","1","74"
"many","needle_tag_7fd9","gnu-grep","21","194.9917","171.875","1","74"
"many","needle_tag_7fd9","search-original","21","50.0672","171.875","1","75"
"many","needle_tag_7fd9","prototype-scan","21","98.4246","78.125","1","74"
"many","needle_tag_7fd9","rg-auto","21","73.9619","140.625","1","74"
"many","zzqxyw_no_such_content","prototype-scan","1","116.1431","78.125","0","0"
"many","zzqxyw_no_such_content","rg-auto","1","74.1824","125","0","0"
"many","zzqxyw_no_such_content","rg-one","1","121.7805","125","0","0"
"many","zzqxyw_no_such_content","git-grep","1","72.2632","31.25","0","0"
"many","zzqxyw_no_such_content","gnu-grep","1","193.7499","171.875","0","0"
"many","zzqxyw_no_such_content","search-original","1","48.8477","140.625","0","0"
"many","zzqxyw_no_such_content","rg-auto","2","74.5322","78.125","0","0"
"many","zzqxyw_no_such_content","rg-one","2","116.7034","93.75","0","0"
"many","zzqxyw_no_such_content","git-grep","2","66.0535","15.625","0","0"
"many","zzqxyw_no_such_content","gnu-grep","2","194.7476","171.875","0","0"
"many","zzqxyw_no_such_content","search-original","2","50.3013","140.625","0","0"
"many","zzqxyw_no_such_content","prototype-scan","2","109.0921","78.125","0","0"
"many","zzqxyw_no_such_content","rg-one","3","125.3755","125","0","0"
"many","zzqxyw_no_such_content","git-grep","3","68.2484","15.625","0","0"
"many","zzqxyw_no_such_content","gnu-grep","3","192.4333","156.25","0","0"
"many","zzqxyw_no_such_content","search-original","3","47.7419","140.625","0","0"
"many","zzqxyw_no_such_content","prototype-scan","3","103.5488","78.125","0","0"
"many","zzqxyw_no_such_content","rg-auto","3","75.619","46.875","0","0"
"many","zzqxyw_no_such_content","git-grep","4","65.56","0","0","0"
"many","zzqxyw_no_such_content","gnu-grep","4","199.4653","250","0","0"
"many","zzqxyw_no_such_content","search-original","4","50.3936","218.75","0","0"
"many","zzqxyw_no_such_content","prototype-scan","4","103.4058","93.75","0","0"
"many","zzqxyw_no_such_content","rg-auto","4","75.6259","93.75","0","0"
"many","zzqxyw_no_such_content","rg-one","4","122.3103","93.75","0","0"
"many","zzqxyw_no_such_content","gnu-grep","5","205.2971","171.875","0","0"
"many","zzqxyw_no_such_content","search-original","5","52.0125","265.625","0","0"
"many","zzqxyw_no_such_content","prototype-scan","5","107.1243","109.375","0","0"
"many","zzqxyw_no_such_content","rg-auto","5","73.9653","109.375","0","0"
"many","zzqxyw_no_such_content","rg-one","5","121.4085","93.75","0","0"
"many","zzqxyw_no_such_content","git-grep","5","67.2397","0","0","0"
"many","zzqxyw_no_such_content","search-original","6","50.9613","281.25","0","0"
"many","zzqxyw_no_such_content","prototype-scan","6","82.5039","78.125","0","0"
"many","zzqxyw_no_such_content","rg-auto","6","71.4157","109.375","0","0"
"many","zzqxyw_no_such_content","rg-one","6","119.081","109.375","0","0"
"many","zzqxyw_no_such_content","git-grep","6","65.4392","15.625","0","0"
"many","zzqxyw_no_such_content","gnu-grep","6","196.4693","171.875","0","0"
"many","zzqxyw_no_such_content","prototype-scan","7","104.0032","62.5","0","0"
"many","zzqxyw_no_such_content","rg-auto","7","70.2801","109.375","0","0"
"many","zzqxyw_no_such_content","rg-one","7","124.7817","109.375","0","0"
"many","zzqxyw_no_such_content","git-grep","7","66.3446","15.625","0","0"
"many","zzqxyw_no_such_content","gnu-grep","7","198.3007","218.75","0","0"
"many","zzqxyw_no_such_content","search-original","7","48.8701","156.25","0","0"
"many","zzqxyw_no_such_content","rg-auto","8","71.9587","62.5","0","0"
"many","zzqxyw_no_such_content","rg-one","8","122.1016","93.75","0","0"
"many","zzqxyw_no_such_content","git-grep","8","72.1243","15.625","0","0"
"many","zzqxyw_no_such_content","gnu-grep","8","202.3276","187.5","0","0"
"many","zzqxyw_no_such_content","search-original","8","49.7749","187.5","0","0"
"many","zzqxyw_no_such_content","prototype-scan","8","81.2866","46.875","0","0"
"many","zzqxyw_no_such_content","rg-one","9","119.771","93.75","0","0"
"many","zzqxyw_no_such_content","git-grep","9","68.3387","31.25","0","0"
"many","zzqxyw_no_such_content","gnu-grep","9","193.1025","140.625","0","0"
"many","zzqxyw_no_such_content","search-original","9","49.115","296.875","0","0"
"many","zzqxyw_no_such_content","prototype-scan","9","104.964","93.75","0","0"
"many","zzqxyw_no_such_content","rg-auto","9","72.1946","218.75","0","0"
"many","zzqxyw_no_such_content","git-grep","10","67.6754","0","0","0"
"many","zzqxyw_no_such_content","gnu-grep","10","197.691","156.25","0","0"
"many","zzqxyw_no_such_content","search-original","10","51.1845","140.625","0","0"
"many","zzqxyw_no_such_content","prototype-scan","10","77.6691","62.5","0","0"
"many","zzqxyw_no_such_content","rg-auto","10","77.0467","109.375","0","0"
"many","zzqxyw_no_such_content","rg-one","10","123.2436","109.375","0","0"
"many","zzqxyw_no_such_content","gnu-grep","11","195.0245","171.875","0","0"
"many","zzqxyw_no_such_content","search-original","11","48.2243","171.875","0","0"
"many","zzqxyw_no_such_content","prototype-scan","11","79.8489","62.5","0","0"
"many","zzqxyw_no_such_content","rg-auto","11","70.9044","93.75","0","0"
"many","zzqxyw_no_such_content","rg-one","11","120.6516","78.125","0","0"
"many","zzqxyw_no_such_content","git-grep","11","66.4026","0","0","0"
"many","zzqxyw_no_such_content","search-original","12","49.0862","171.875","0","0"
"many","zzqxyw_no_such_content","prototype-scan","12","106.7721","93.75","0","0"
"many","zzqxyw_no_such_content","rg-auto","12","77.2628","125","0","0"
"many","zzqxyw_no_such_content","rg-one","12","130.5501","109.375","0","0"
"many","zzqxyw_no_such_content","git-grep","12","65.6649","0","0","0"
"many","zzqxyw_no_such_content","gnu-grep","12","199.048","187.5","0","0"
"many","zzqxyw_no_such_content","prototype-scan","13","81.0328","62.5","0","0"
"many","zzqxyw_no_such_content","rg-auto","13","72.55","187.5","0","0"
"many","zzqxyw_no_such_content","rg-one","13","120.7587","93.75","0","0"
"many","zzqxyw_no_such_content","git-grep","13","66.8668","15.625","0","0"
"many","zzqxyw_no_such_content","gnu-grep","13","202.0402","187.5","0","0"
"many","zzqxyw_no_such_content","search-original","13","71.698","250","0","0"
"many","zzqxyw_no_such_content","rg-auto","14","81.8586","62.5","0","0"
"many","zzqxyw_no_such_content","rg-one","14","129.401","109.375","0","0"
"many","zzqxyw_no_such_content","git-grep","14","65.0388","0","0","0"
"many","zzqxyw_no_such_content","gnu-grep","14","195.0028","125","0","0"
"many","zzqxyw_no_such_content","search-original","14","53.0061","296.875","0","0"
"many","zzqxyw_no_such_content","prototype-scan","14","79.5052","62.5","0","0"
"many","zzqxyw_no_such_content","rg-one","15","117.9127","109.375","0","0"
"many","zzqxyw_no_such_content","git-grep","15","67.7169","15.625","0","0"
"many","zzqxyw_no_such_content","gnu-grep","15","192.9817","156.25","0","0"
"many","zzqxyw_no_such_content","search-original","15","50.0591","187.5","0","0"
"many","zzqxyw_no_such_content","prototype-scan","15","109.2585","78.125","0","0"
"many","zzqxyw_no_such_content","rg-auto","15","72.4271","109.375","0","0"
"many","zzqxyw_no_such_content","git-grep","16","71.2152","15.625","0","0"
"many","zzqxyw_no_such_content","gnu-grep","16","200.1983","171.875","0","0"
"many","zzqxyw_no_such_content","search-original","16","52.2406","296.875","0","0"
"many","zzqxyw_no_such_content","prototype-scan","16","104.9945","93.75","0","0"
"many","zzqxyw_no_such_content","rg-auto","16","72.9721","78.125","0","0"
"many","zzqxyw_no_such_content","rg-one","16","117.0014","109.375","0","0"
"many","zzqxyw_no_such_content","gnu-grep","17","197.4366","187.5","0","0"
"many","zzqxyw_no_such_content","search-original","17","50.1667","328.125","0","0"
"many","zzqxyw_no_such_content","prototype-scan","17","98.2529","78.125","0","0"
"many","zzqxyw_no_such_content","rg-auto","17","72.141","140.625","0","0"
"many","zzqxyw_no_such_content","rg-one","17","123.4728","109.375","0","0"
"many","zzqxyw_no_such_content","git-grep","17","69.4605","0","0","0"
"many","zzqxyw_no_such_content","search-original","18","50.6913","187.5","0","0"
"many","zzqxyw_no_such_content","prototype-scan","18","102.6766","78.125","0","0"
"many","zzqxyw_no_such_content","rg-auto","18","73.5282","171.875","0","0"
"many","zzqxyw_no_such_content","rg-one","18","119.3742","93.75","0","0"
"many","zzqxyw_no_such_content","git-grep","18","68.6095","15.625","0","0"
"many","zzqxyw_no_such_content","gnu-grep","18","199.1583","187.5","0","0"
"many","zzqxyw_no_such_content","prototype-scan","19","81.1794","62.5","0","0"
"many","zzqxyw_no_such_content","rg-auto","19","76.0159","78.125","0","0"
"many","zzqxyw_no_such_content","rg-one","19","122.9111","109.375","0","0"
"many","zzqxyw_no_such_content","git-grep","19","71.6278","15.625","0","0"
"many","zzqxyw_no_such_content","gnu-grep","19","206.1908","156.25","0","0"
"many","zzqxyw_no_such_content","search-original","19","48.4992","156.25","0","0"
"many","zzqxyw_no_such_content","rg-auto","20","72.7953","265.625","0","0"
"many","zzqxyw_no_such_content","rg-one","20","120.2382","109.375","0","0"
"many","zzqxyw_no_such_content","git-grep","20","67.0315","15.625","0","0"
"many","zzqxyw_no_such_content","gnu-grep","20","199.1632","187.5","0","0"
"many","zzqxyw_no_such_content","search-original","20","51.2654","156.25","0","0"
"many","zzqxyw_no_such_content","prototype-scan","20","84.2958","62.5","0","0"
"many","zzqxyw_no_such_content","rg-one","21","129.2205","109.375","0","0"
"many","zzqxyw_no_such_content","git-grep","21","65.8146","46.875","0","0"
"many","zzqxyw_no_such_content","gnu-grep","21","205.9437","203.125","0","0"
"many","zzqxyw_no_such_content","search-original","21","50.6979","328.125","0","0"
"many","zzqxyw_no_such_content","prototype-scan","21","101.8529","46.875","0","0"
"many","zzqxyw_no_such_content","rg-auto","21","79.6666","156.25","0","0"
"many","abcd","prototype-scan","1","97.5407","78.125","76","4180"
"many","abcd","rg-auto","1","76.0297","140.625","76","4180"
"many","abcd","rg-one","1","121.2144","78.125","76","4180"
"many","abcd","git-grep","1","67.4738","15.625","76","4180"
"many","abcd","gnu-grep","1","221.3154","171.875","76","4180"
"many","abcd","search-original","1","49.2163","343.75","76","4256"
"many","abcd","rg-auto","2","70.8943","171.875","76","4180"
"many","abcd","rg-one","2","120.289","62.5","76","4180"
"many","abcd","git-grep","2","68.301","15.625","76","4180"
"many","abcd","gnu-grep","2","215.7145","187.5","76","4180"
"many","abcd","search-original","2","52.8748","218.75","76","4256"
"many","abcd","prototype-scan","2","80.6885","78.125","76","4180"
"many","abcd","rg-one","3","127.8675","93.75","76","4180"
"many","abcd","git-grep","3","67.8822","0","76","4180"
"many","abcd","gnu-grep","3","223.7642","203.125","76","4180"
"many","abcd","search-original","3","47.985","171.875","76","4256"
"many","abcd","prototype-scan","3","93.4514","78.125","76","4180"
"many","abcd","rg-auto","3","71.0862","328.125","76","4180"
"many","abcd","git-grep","4","69.481","15.625","76","4180"
"many","abcd","gnu-grep","4","218.6217","187.5","76","4180"
"many","abcd","search-original","4","49.8599","140.625","76","4256"
"many","abcd","prototype-scan","4","80.825","62.5","76","4180"
"many","abcd","rg-auto","4","76.2783","125","76","4180"
"many","abcd","rg-one","4","130.4343","109.375","76","4180"
"many","abcd","gnu-grep","5","222.7674","203.125","76","4180"
"many","abcd","search-original","5","49.9609","171.875","76","4256"
"many","abcd","prototype-scan","5","113.7451","93.75","76","4180"
"many","abcd","rg-auto","5","75.7659","93.75","76","4180"
"many","abcd","rg-one","5","118.9781","109.375","76","4180"
"many","abcd","git-grep","5","73.0323","15.625","76","4180"
"many","abcd","search-original","6","53.1295","203.125","76","4256"
"many","abcd","prototype-scan","6","85.4592","62.5","76","4180"
"many","abcd","rg-auto","6","80.9348","140.625","76","4180"
"many","abcd","rg-one","6","125.7007","109.375","76","4180"
"many","abcd","git-grep","6","68.3849","15.625","76","4180"
"many","abcd","gnu-grep","6","222.8515","171.875","76","4180"
"many","abcd","prototype-scan","7","92.1714","78.125","76","4180"
"many","abcd","rg-auto","7","74.5938","203.125","76","4180"
"many","abcd","rg-one","7","128.8286","109.375","76","4180"
"many","abcd","git-grep","7","70.8834","15.625","76","4180"
"many","abcd","gnu-grep","7","232.9673","234.375","76","4180"
"many","abcd","search-original","7","49.6859","390.625","76","4256"
"many","abcd","rg-auto","8","77.0321","109.375","76","4180"
"many","abcd","rg-one","8","129.1425","109.375","76","4180"
"many","abcd","git-grep","8","75.0514","0","76","4180"
"many","abcd","gnu-grep","8","225.2739","203.125","76","4180"
"many","abcd","search-original","8","50.3628","296.875","76","4256"
"many","abcd","prototype-scan","8","95.3524","78.125","76","4180"
"many","abcd","rg-one","9","130.6358","93.75","76","4180"
"many","abcd","git-grep","9","72.9978","0","76","4180"
"many","abcd","gnu-grep","9","237.9153","187.5","76","4180"
"many","abcd","search-original","9","49.3351","78.125","76","4256"
"many","abcd","prototype-scan","9","81.4613","62.5","76","4180"
"many","abcd","rg-auto","9","77.3641","125","76","4180"
"many","abcd","git-grep","10","70.3387","0","76","4180"
"many","abcd","gnu-grep","10","232.5452","171.875","76","4180"
"many","abcd","search-original","10","51.2219","187.5","76","4256"
"many","abcd","prototype-scan","10","106.7355","78.125","76","4180"
"many","abcd","rg-auto","10","81.4828","78.125","76","4180"
"many","abcd","rg-one","10","137.1054","125","76","4180"
"many","abcd","gnu-grep","11","221.8056","203.125","76","4180"
"many","abcd","search-original","11","50.0819","265.625","76","4256"
"many","abcd","prototype-scan","11","87.1697","93.75","76","4180"
"many","abcd","rg-auto","11","77.5155","93.75","76","4180"
"many","abcd","rg-one","11","125.8459","109.375","76","4180"
"many","abcd","git-grep","11","68.5731","15.625","76","4180"
"many","abcd","search-original","12","49.8989","187.5","76","4256"
"many","abcd","prototype-scan","12","106.7246","78.125","76","4180"
"many","abcd","rg-auto","12","73.2432","93.75","76","4180"
"many","abcd","rg-one","12","127.1488","109.375","76","4180"
"many","abcd","git-grep","12","70.4554","31.25","76","4180"
"many","abcd","gnu-grep","12","212.2096","187.5","76","4180"
"many","abcd","prototype-scan","13","82.8238","78.125","76","4180"
"many","abcd","rg-auto","13","72.0439","93.75","76","4180"
"many","abcd","rg-one","13","122.1876","109.375","76","4180"
"many","abcd","git-grep","13","68.8563","46.875","76","4180"
"many","abcd","gnu-grep","13","229.3026","203.125","76","4180"
"many","abcd","search-original","13","48.8985","156.25","76","4256"
"many","abcd","rg-auto","14","72.3489","93.75","76","4180"
"many","abcd","rg-one","14","121.7876","125","76","4180"
"many","abcd","git-grep","14","64.8553","0","76","4180"
"many","abcd","gnu-grep","14","223.3752","203.125","76","4180"
"many","abcd","search-original","14","50.026","140.625","76","4256"
"many","abcd","prototype-scan","14","82.646","62.5","76","4180"
"many","abcd","rg-one","15","122.7224","125","76","4180"
"many","abcd","git-grep","15","70.6172","15.625","76","4180"
"many","abcd","gnu-grep","15","227.2656","187.5","76","4180"
"many","abcd","search-original","15","51.0729","125","76","4256"
"many","abcd","prototype-scan","15","82.5236","62.5","76","4180"
"many","abcd","rg-auto","15","75.8798","125","76","4180"
"many","abcd","git-grep","16","71.2399","0","76","4180"
"many","abcd","gnu-grep","16","215.6177","203.125","76","4180"
"many","abcd","search-original","16","48.2652","187.5","76","4256"
"many","abcd","prototype-scan","16","92.5745","78.125","76","4180"
"many","abcd","rg-auto","16","74.1221","171.875","76","4180"
"many","abcd","rg-one","16","121.7023","93.75","76","4180"
"many","abcd","gnu-grep","17","222.3783","203.125","76","4180"
"many","abcd","search-original","17","49.4925","187.5","76","4256"
"many","abcd","prototype-scan","17","81.9976","62.5","76","4180"
"many","abcd","rg-auto","17","76.8502","78.125","76","4180"
"many","abcd","rg-one","17","120.9206","93.75","76","4180"
"many","abcd","git-grep","17","70.7399","15.625","76","4180"
"many","abcd","search-original","18","49.9099","375","76","4256"
"many","abcd","prototype-scan","18","79.5202","78.125","76","4180"
"many","abcd","rg-auto","18","75.0409","78.125","76","4180"
"many","abcd","rg-one","18","122.0799","109.375","76","4180"
"many","abcd","git-grep","18","67.521","15.625","76","4180"
"many","abcd","gnu-grep","18","221.6249","203.125","76","4180"
"many","abcd","prototype-scan","19","85.0359","62.5","76","4180"
"many","abcd","rg-auto","19","79.5459","171.875","76","4180"
"many","abcd","rg-one","19","125.1423","109.375","76","4180"
"many","abcd","git-grep","19","72.8832","15.625","76","4180"
"many","abcd","gnu-grep","19","218.7909","203.125","76","4180"
"many","abcd","search-original","19","49.7279","281.25","76","4256"
"many","abcd","rg-auto","20","74.5548","140.625","76","4180"
"many","abcd","rg-one","20","132.976","125","76","4180"
"many","abcd","git-grep","20","75.3947","0","76","4180"
"many","abcd","gnu-grep","20","216.8479","187.5","76","4180"
"many","abcd","search-original","20","52.4766","218.75","76","4256"
"many","abcd","prototype-scan","20","86.8011","62.5","76","4180"
"many","abcd","rg-one","21","122.8406","93.75","76","4180"
"many","abcd","git-grep","21","65.6154","31.25","76","4180"
"many","abcd","gnu-grep","21","199.2719","171.875","76","4180"
"many","abcd","search-original","21","55.4305","250","76","4256"
"many","abcd","prototype-scan","21","83.8709","46.875","76","4180"
"many","abcd","rg-auto","21","73.419","109.375","76","4180"
"many","return","prototype-scan","1","164.136","78.125","81920","8337920"
"many","return","rg-auto","1","80.9177","187.5","81920","8337920"
"many","return","rg-one","1","204.8289","187.5","81920","8337920"
"many","return","git-grep","1","96.1598","31.25","81920","8337920"
"many","return","gnu-grep","1","283.7649","218.75","81920","8337920"
"many","return","search-original","1","214.4708","281.25","81920","8419840"
"many","return","rg-auto","2","85.6846","171.875","81920","8337920"
"many","return","rg-one","2","218.5746","187.5","81920","8337920"
"many","return","git-grep","2","93.5932","0","81920","8337920"
"many","return","gnu-grep","2","248.3029","203.125","81920","8337920"
"many","return","search-original","2","211.6202","359.375","81920","8419840"
"many","return","prototype-scan","2","175.0505","93.75","81920","8337920"
"many","return","rg-one","3","231.5332","171.875","81920","8337920"
"many","return","git-grep","3","87.4166","15.625","81920","8337920"
"many","return","gnu-grep","3","256.1671","187.5","81920","8337920"
"many","return","search-original","3","251.0559","375","81920","8419840"
"many","return","prototype-scan","3","177.1645","125","81920","8337920"
"many","return","rg-auto","3","99.7069","187.5","81920","8337920"
"many","return","git-grep","4","90.7576","15.625","81920","8337920"
"many","return","gnu-grep","4","270.0266","234.375","81920","8337920"
"many","return","search-original","4","239.0267","500","81920","8419840"
"many","return","prototype-scan","4","184.3287","140.625","81920","8337920"
"many","return","rg-auto","4","84.4601","265.625","81920","8337920"
"many","return","rg-one","4","210.1733","187.5","81920","8337920"
"many","return","gnu-grep","5","245.6196","203.125","81920","8337920"
"many","return","search-original","5","238.6859","328.125","81920","8419840"
"many","return","prototype-scan","5","158.8174","125","81920","8337920"
"many","return","rg-auto","5","86.9029","234.375","81920","8337920"
"many","return","rg-one","5","207.3971","140.625","81920","8337920"
"many","return","git-grep","5","99.9854","15.625","81920","8337920"
"many","return","search-original","6","234.1066","484.375","81920","8419840"
"many","return","prototype-scan","6","177.5813","125","81920","8337920"
"many","return","rg-auto","6","82.6103","93.75","81920","8337920"
"many","return","rg-one","6","219.0946","125","81920","8337920"
"many","return","git-grep","6","89.7373","15.625","81920","8337920"
"many","return","gnu-grep","6","271.4138","187.5","81920","8337920"
"many","return","prototype-scan","7","150.0604","125","81920","8337920"
"many","return","rg-auto","7","90.0811","203.125","81920","8337920"
"many","return","rg-one","7","216.1014","156.25","81920","8337920"
"many","return","git-grep","7","86.1361","15.625","81920","8337920"
"many","return","gnu-grep","7","249.1065","234.375","81920","8337920"
"many","return","search-original","7","229.1319","468.75","81920","8419840"
"many","return","rg-auto","8","79.8166","296.875","81920","8337920"
"many","return","rg-one","8","207.1666","187.5","81920","8337920"
"many","return","git-grep","8","99.4682","0","81920","8337920"
"many","return","gnu-grep","8","260.0324","234.375","81920","8337920"
"many","return","search-original","8","239.7318","343.75","81920","8419840"
"many","return","prototype-scan","8","164.1362","125","81920","8337920"
"many","return","rg-one","9","215.3925","156.25","81920","8337920"
"many","return","git-grep","9","89.279","0","81920","8337920"
"many","return","gnu-grep","9","250.7626","218.75","81920","8337920"
"many","return","search-original","9","227.2445","406.25","81920","8419840"
"many","return","prototype-scan","9","157.7743","140.625","81920","8337920"
"many","return","rg-auto","9","90.445","218.75","81920","8337920"
"many","return","git-grep","10","96.8755","15.625","81920","8337920"
"many","return","gnu-grep","10","295.7899","203.125","81920","8337920"
"many","return","search-original","10","227.7617","296.875","81920","8419840"
"many","return","prototype-scan","10","177.5046","93.75","81920","8337920"
"many","return","rg-auto","10","98.8347","187.5","81920","8337920"
"many","return","rg-one","10","223.1837","171.875","81920","8337920"
"many","return","gnu-grep","11","252.8564","187.5","81920","8337920"
"many","return","search-original","11","282.6058","281.25","81920","8419840"
"many","return","prototype-scan","11","208.0069","156.25","81920","8337920"
"many","return","rg-auto","11","92.2247","171.875","81920","8337920"
"many","return","rg-one","11","290.8911","156.25","81920","8337920"
"many","return","git-grep","11","94.009","46.875","81920","8337920"
"many","return","search-original","12","255.2636","312.5","81920","8419840"
"many","return","prototype-scan","12","227.5568","156.25","81920","8337920"
"many","return","rg-auto","12","91.2056","140.625","81920","8337920"
"many","return","rg-one","12","248.5934","187.5","81920","8337920"
"many","return","git-grep","12","104.9144","15.625","81920","8337920"
"many","return","gnu-grep","12","280.5634","265.625","81920","8337920"
"many","return","prototype-scan","13","185.7154","125","81920","8337920"
"many","return","rg-auto","13","149.1658","218.75","81920","8337920"
"many","return","rg-one","13","216.4072","171.875","81920","8337920"
"many","return","git-grep","13","99.4839","15.625","81920","8337920"
"many","return","gnu-grep","13","327.9211","234.375","81920","8337920"
"many","return","search-original","13","218.0456","328.125","81920","8419840"
"many","return","rg-auto","14","79.137","125","81920","8337920"
"many","return","rg-one","14","210.4103","156.25","81920","8337920"
"many","return","git-grep","14","80.6259","31.25","81920","8337920"
"many","return","gnu-grep","14","233.4971","187.5","81920","8337920"
"many","return","search-original","14","214.5084","375","81920","8419840"
"many","return","prototype-scan","14","155.7719","156.25","81920","8337920"
"many","return","rg-one","15","196.7428","156.25","81920","8337920"
"many","return","git-grep","15","105.8404","15.625","81920","8337920"
"many","return","gnu-grep","15","230.5772","265.625","81920","8337920"
"many","return","search-original","15","190.9164","343.75","81920","8419840"
"many","return","prototype-scan","15","165.1149","109.375","81920","8337920"
"many","return","rg-auto","15","72.5246","218.75","81920","8337920"
"many","return","git-grep","16","115.9505","15.625","81920","8337920"
"many","return","gnu-grep","16","232.7998","218.75","81920","8337920"
"many","return","search-original","16","188.6048","328.125","81920","8419840"
"many","return","prototype-scan","16","165.9318","125","81920","8337920"
"many","return","rg-auto","16","90.1918","78.125","81920","8337920"
"many","return","rg-one","16","193.4096","109.375","81920","8337920"
"many","return","gnu-grep","17","241.3933","171.875","81920","8337920"
"many","return","search-original","17","185.6349","296.875","81920","8419840"
"many","return","prototype-scan","17","157.3266","125","81920","8337920"
"many","return","rg-auto","17","71.9543","203.125","81920","8337920"
"many","return","rg-one","17","188.5513","171.875","81920","8337920"
"many","return","git-grep","17","123.7802","31.25","81920","8337920"
"many","return","search-original","18","226.7674","343.75","81920","8419840"
"many","return","prototype-scan","18","149.3813","140.625","81920","8337920"
"many","return","rg-auto","18","99.9424","109.375","81920","8337920"
"many","return","rg-one","18","180.5702","156.25","81920","8337920"
"many","return","git-grep","18","83.0404","15.625","81920","8337920"
"many","return","gnu-grep","18","247.248","187.5","81920","8337920"
"many","return","prototype-scan","19","157.0726","78.125","81920","8337920"
"many","return","rg-auto","19","90.0225","203.125","81920","8337920"
"many","return","rg-one","19","191.3927","171.875","81920","8337920"
"many","return","git-grep","19","133.5839","0","81920","8337920"
"many","return","gnu-grep","19","226.0761","171.875","81920","8337920"
"many","return","search-original","19","222.5249","343.75","81920","8419840"
"many","return","rg-auto","20","84.37","140.625","81920","8337920"
"many","return","rg-one","20","188.6945","171.875","81920","8337920"
"many","return","git-grep","20","85.776","46.875","81920","8337920"
"many","return","gnu-grep","20","228.5824","218.75","81920","8337920"
"many","return","search-original","20","184.4711","328.125","81920","8419840"
"many","return","prototype-scan","20","154.3503","109.375","81920","8337920"
"many","return","rg-one","21","179.6131","156.25","81920","8337920"
"many","return","git-grep","21","84.3193","31.25","81920","8337920"
"many","return","gnu-grep","21","261.441","171.875","81920","8337920"
"many","return","search-original","21","185.6346","343.75","81920","8419840"
"many","return","prototype-scan","21","159.52","125","81920","8337920"
"many","return","rg-auto","21","71.2686","187.5","81920","8337920"
"many","::","prototype-scan","1","68.6241","46.875","0","0"
"many","::","rg-auto","1","67.1927","78.125","0","0"
"many","::","rg-one","1","97.7297","93.75","0","0"
"many","::","git-grep","1","57.797","0","0","0"
"many","::","gnu-grep","1","158.5339","156.25","0","0"
"many","::","search-original","1","44.7848","187.5","0","0"
"many","::","rg-auto","2","65.4789","156.25","0","0"
"many","::","rg-one","2","96.4407","78.125","0","0"
"many","::","git-grep","2","59.948","0","0","0"
"many","::","gnu-grep","2","164.8498","140.625","0","0"
"many","::","search-original","2","45.1889","156.25","0","0"
"many","::","prototype-scan","2","66.9389","62.5","0","0"
"many","::","rg-one","3","97.3076","78.125","0","0"
"many","::","git-grep","3","57.2507","31.25","0","0"
"many","::","gnu-grep","3","167.4479","156.25","0","0"
"many","::","search-original","3","44.9378","187.5","0","0"
"many","::","prototype-scan","3","70.6883","62.5","0","0"
"many","::","rg-auto","3","68.293","281.25","0","0"
"many","::","git-grep","4","58.6185","31.25","0","0"
"many","::","gnu-grep","4","159.8817","140.625","0","0"
"many","::","search-original","4","43.2045","187.5","0","0"
"many","::","prototype-scan","4","70.2187","62.5","0","0"
"many","::","rg-auto","4","66.7233","93.75","0","0"
"many","::","rg-one","4","98.7986","78.125","0","0"
"many","::","gnu-grep","5","161.7881","140.625","0","0"
"many","::","search-original","5","44.604","218.75","0","0"
"many","::","prototype-scan","5","69.6321","62.5","0","0"
"many","::","rg-auto","5","64.3295","93.75","0","0"
"many","::","rg-one","5","96.7326","78.125","0","0"
"many","::","git-grep","5","57.8118","15.625","0","0"
"many","::","search-original","6","43.237","218.75","0","0"
"many","::","prototype-scan","6","69.2297","46.875","0","0"
"many","::","rg-auto","6","62.9784","203.125","0","0"
"many","::","rg-one","6","94.9721","78.125","0","0"
"many","::","git-grep","6","58.9457","15.625","0","0"
"many","::","gnu-grep","6","159.1562","156.25","0","0"
"many","::","prototype-scan","7","67.3069","62.5","0","0"
"many","::","rg-auto","7","65.9152","78.125","0","0"
"many","::","rg-one","7","103.71","93.75","0","0"
"many","::","git-grep","7","59.914","0","0","0"
"many","::","gnu-grep","7","162.4077","156.25","0","0"
"many","::","search-original","7","47.1027","421.875","0","0"
"many","::","rg-auto","8","65.5273","109.375","0","0"
"many","::","rg-one","8","102.3881","109.375","0","0"
"many","::","git-grep","8","60.4015","15.625","0","0"
"many","::","gnu-grep","8","158.9506","140.625","0","0"
"many","::","search-original","8","44.0265","218.75","0","0"
"many","::","prototype-scan","8","69.3164","46.875","0","0"
"many","::","rg-one","9","98.2109","93.75","0","0"
"many","::","git-grep","9","57.4873","15.625","0","0"
"many","::","gnu-grep","9","164.1473","156.25","0","0"
"many","::","search-original","9","43.5824","203.125","0","0"
"many","::","prototype-scan","9","66.5583","62.5","0","0"
"many","::","rg-auto","9","67.149","171.875","0","0"
"many","::","git-grep","10","59.5809","31.25","0","0"
"many","::","gnu-grep","10","160.3735","140.625","0","0"
"many","::","search-original","10","42.2331","140.625","0","0"
"many","::","prototype-scan","10","68.0483","46.875","0","0"
"many","::","rg-auto","10","65.5345","78.125","0","0"
"many","::","rg-one","10","106.6728","78.125","0","0"
"many","::","gnu-grep","11","164.6057","140.625","0","0"
"many","::","search-original","11","42.431","218.75","0","0"
"many","::","prototype-scan","11","68.6441","46.875","0","0"
"many","::","rg-auto","11","65.9553","93.75","0","0"
"many","::","rg-one","11","98.149","93.75","0","0"
"many","::","git-grep","11","59.817","31.25","0","0"
"many","::","search-original","12","44.6614","187.5","0","0"
"many","::","prototype-scan","12","66.7108","62.5","0","0"
"many","::","rg-auto","12","64.9592","62.5","0","0"
"many","::","rg-one","12","103.6943","93.75","0","0"
"many","::","git-grep","12","59.8854","15.625","0","0"
"many","::","gnu-grep","12","166.215","156.25","0","0"
"many","::","prototype-scan","13","72.2548","62.5","0","0"
"many","::","rg-auto","13","64.4232","125","0","0"
"many","::","rg-one","13","97.9808","78.125","0","0"
"many","::","git-grep","13","61.8936","15.625","0","0"
"many","::","gnu-grep","13","162.2262","156.25","0","0"
"many","::","search-original","13","42.866","156.25","0","0"
"many","::","rg-auto","14","63.5287","93.75","0","0"
"many","::","rg-one","14","97.443","93.75","0","0"
"many","::","git-grep","14","59.1933","15.625","0","0"
"many","::","gnu-grep","14","162.6495","125","0","0"
"many","::","search-original","14","43.0811","328.125","0","0"
"many","::","prototype-scan","14","67.6264","46.875","0","0"
"many","::","rg-one","15","101.7441","93.75","0","0"
"many","::","git-grep","15","58.2408","15.625","0","0"
"many","::","gnu-grep","15","160.4112","156.25","0","0"
"many","::","search-original","15","43.5172","187.5","0","0"
"many","::","prototype-scan","15","69.1202","46.875","0","0"
"many","::","rg-auto","15","68.0974","62.5","0","0"
"many","::","git-grep","16","57.6359","15.625","0","0"
"many","::","gnu-grep","16","170.9138","171.875","0","0"
"many","::","search-original","16","44.3268","218.75","0","0"
"many","::","prototype-scan","16","69.9777","62.5","0","0"
"many","::","rg-auto","16","67.3634","78.125","0","0"
"many","::","rg-one","16","103.1017","78.125","0","0"
"many","::","gnu-grep","17","167.6006","156.25","0","0"
"many","::","search-original","17","44.7145","234.375","0","0"
"many","::","prototype-scan","17","68.4434","62.5","0","0"
"many","::","rg-auto","17","65.8844","62.5","0","0"
"many","::","rg-one","17","98.6391","78.125","0","0"
"many","::","git-grep","17","58.2179","0","0","0"
"many","::","search-original","18","43.7968","218.75","0","0"
"many","::","prototype-scan","18","66.3167","46.875","0","0"
"many","::","rg-auto","18","63.1485","93.75","0","0"
"many","::","rg-one","18","96.842","78.125","0","0"
"many","::","git-grep","18","57.2458","31.25","0","0"
"many","::","gnu-grep","18","167.5065","156.25","0","0"
"many","::","prototype-scan","19","70.3904","46.875","0","0"
"many","::","rg-auto","19","67.8447","109.375","0","0"
"many","::","rg-one","19","97.7773","93.75","0","0"
"many","::","git-grep","19","54.601","0","0","0"
"many","::","gnu-grep","19","161.7766","156.25","0","0"
"many","::","search-original","19","44.5429","234.375","0","0"
"many","::","rg-auto","20","66.6471","62.5","0","0"
"many","::","rg-one","20","100.0333","78.125","0","0"
"many","::","git-grep","20","58.2769","15.625","0","0"
"many","::","gnu-grep","20","165.9126","156.25","0","0"
"many","::","search-original","20","44.2921","109.375","0","0"
"many","::","prototype-scan","20","70.1079","46.875","0","0"
"many","::","rg-one","21","104.0481","109.375","0","0"
"many","::","git-grep","21","60.3868","15.625","0","0"
"many","::","gnu-grep","21","174.1265","156.25","0","0"
"many","::","search-original","21","45.7296","359.375","0","0"
"many","::","prototype-scan","21","72.5076","46.875","0","0"
"many","::","rg-auto","21","67.2371","78.125","0","0"
"many","café","prototype-scan","1","160.5842","62.5","81920","9813760"
"many","café","rg-auto","1","73.0162","156.25","81920","9813760"
"many","café","rg-one","1","198.1222","156.25","81920","9813760"
"many","café","git-grep","1","86.8743","31.25","81920","9813760"
"many","café","gnu-grep","1","232.2683","250","81920","9813760"
"many","café","search-original","1","200.2961","500","81920","9895680"
"many","café","rg-auto","2","70.5596","218.75","81920","9813760"
"many","café","rg-one","2","194.0766","156.25","81920","9813760"
"many","café","git-grep","2","90.04","15.625","81920","9813760"
"many","café","gnu-grep","2","227.9483","171.875","81920","9813760"
"many","café","search-original","2","194.5501","328.125","81920","9895680"
"many","café","prototype-scan","2","156.8716","109.375","81920","9813760"
"many","café","rg-one","3","220.8828","171.875","81920","9813760"
"many","café","git-grep","3","84.1138","15.625","81920","9813760"
"many","café","gnu-grep","3","220.3193","203.125","81920","9813760"
"many","café","search-original","3","193.6346","328.125","81920","9895680"
"many","café","prototype-scan","3","172.9583","156.25","81920","9813760"
"many","café","rg-auto","3","77.1326","156.25","81920","9813760"
"many","café","git-grep","4","106.382","0","81920","9813760"
"many","café","gnu-grep","4","227.1541","203.125","81920","9813760"
"many","café","search-original","4","208.8715","296.875","81920","9895680"
"many","café","prototype-scan","4","148.7639","109.375","81920","9813760"
"many","café","rg-auto","4","71.0604","203.125","81920","9813760"
"many","café","rg-one","4","217.9751","218.75","81920","9813760"
"many","café","gnu-grep","5","238.2509","187.5","81920","9813760"
"many","café","search-original","5","206.5724","375","81920","9895680"
"many","café","prototype-scan","5","179.5467","125","81920","9813760"
"many","café","rg-auto","5","75.6441","156.25","81920","9813760"
"many","café","rg-one","5","198.8845","187.5","81920","9813760"
"many","café","git-grep","5","100.9205","15.625","81920","9813760"
"many","café","search-original","6","195.1284","359.375","81920","9895680"
"many","café","prototype-scan","6","158.0235","125","81920","9813760"
"many","café","rg-auto","6","85.728","156.25","81920","9813760"
"many","café","rg-one","6","198.7922","140.625","81920","9813760"
"many","café","git-grep","6","84.3362","15.625","81920","9813760"
"many","café","gnu-grep","6","243.5378","203.125","81920","9813760"
"many","café","prototype-scan","7","146.4034","140.625","81920","9813760"
"many","café","rg-auto","7","70.2502","203.125","81920","9813760"
"many","café","rg-one","7","218.338","140.625","81920","9813760"
"many","café","git-grep","7","81.1823","0","81920","9813760"
"many","café","gnu-grep","7","214.166","171.875","81920","9813760"
"many","café","search-original","7","217.0823","375","81920","9895680"
"many","café","rg-auto","8","71.1659","265.625","81920","9813760"
"many","café","rg-one","8","213.1003","171.875","81920","9813760"
"many","café","git-grep","8","87.0157","0","81920","9813760"
"many","café","gnu-grep","8","225.1239","187.5","81920","9813760"
"many","café","search-original","8","187.9724","343.75","81920","9895680"
"many","café","prototype-scan","8","150.1156","93.75","81920","9813760"
"many","café","rg-one","9","197.8101","156.25","81920","9813760"
"many","café","git-grep","9","100.6923","0","81920","9813760"
"many","café","gnu-grep","9","214.7091","171.875","81920","9813760"
"many","café","search-original","9","221.194","359.375","81920","9895680"
"many","café","prototype-scan","9","144.9343","78.125","81920","9813760"
"many","café","rg-auto","9","73.9062","140.625","81920","9813760"
"many","café","git-grep","10","84.9908","0","81920","9813760"
"many","café","gnu-grep","10","248.5768","218.75","81920","9813760"
"many","café","search-original","10","192.7682","343.75","81920","9895680"
"many","café","prototype-scan","10","144.66","125","81920","9813760"
"many","café","rg-auto","10","74.5023","171.875","81920","9813760"
"many","café","rg-one","10","193.3923","140.625","81920","9813760"
"many","café","gnu-grep","11","220.8245","203.125","81920","9813760"
"many","café","search-original","11","234.3696","484.375","81920","9895680"
"many","café","prototype-scan","11","170.7496","109.375","81920","9813760"
"many","café","rg-auto","11","75.522","234.375","81920","9813760"
"many","café","rg-one","11","193.9426","156.25","81920","9813760"
"many","café","git-grep","11","91.5119","15.625","81920","9813760"
"many","café","search-original","12","189.4683","312.5","81920","9895680"
"many","café","prototype-scan","12","151.0642","140.625","81920","9813760"
"many","café","rg-auto","12","84.5279","156.25","81920","9813760"
"many","café","rg-one","12","205.2954","171.875","81920","9813760"
"many","café","git-grep","12","87.9336","0","81920","9813760"
"many","café","gnu-grep","12","232.2766","187.5","81920","9813760"
"many","café","prototype-scan","13","170.1777","140.625","81920","9813760"
"many","café","rg-auto","13","105.5482","171.875","81920","9813760"
"many","café","rg-one","13","204.9763","171.875","81920","9813760"
"many","café","git-grep","13","99.1779","15.625","81920","9813760"
"many","café","gnu-grep","13","231.796","187.5","81920","9813760"
"many","café","search-original","13","209.1245","515.625","81920","9895680"
"many","café","rg-auto","14","74.1897","140.625","81920","9813760"
"many","café","rg-one","14","210.3861","156.25","81920","9813760"
"many","café","git-grep","14","122.3824","15.625","81920","9813760"
"many","café","gnu-grep","14","224.7529","171.875","81920","9813760"
"many","café","search-original","14","231.9215","390.625","81920","9895680"
"many","café","prototype-scan","14","155.1614","109.375","81920","9813760"
"many","café","rg-one","15","225.6529","171.875","81920","9813760"
"many","café","git-grep","15","112.5409","15.625","81920","9813760"
"many","café","gnu-grep","15","225.8328","156.25","81920","9813760"
"many","café","search-original","15","199.5715","328.125","81920","9895680"
"many","café","prototype-scan","15","177.9449","125","81920","9813760"
"many","café","rg-auto","15","71.8594","109.375","81920","9813760"
"many","café","git-grep","16","133.5994","15.625","81920","9813760"
"many","café","gnu-grep","16","215.0721","187.5","81920","9813760"
"many","café","search-original","16","204.8691","484.375","81920","9895680"
"many","café","prototype-scan","16","160.2789","125","81920","9813760"
"many","café","rg-auto","16","90.9105","156.25","81920","9813760"
"many","café","rg-one","16","233.8267","156.25","81920","9813760"
"many","café","gnu-grep","17","229.0801","156.25","81920","9813760"
"many","café","search-original","17","197.6585","359.375","81920","9895680"
"many","café","prototype-scan","17","158.3551","125","81920","9813760"
"many","café","rg-auto","17","80.5341","125","81920","9813760"
"many","café","rg-one","17","208.8364","187.5","81920","9813760"
"many","café","git-grep","17","107.8272","15.625","81920","9813760"
"many","café","search-original","18","210.7041","328.125","81920","9895680"
"many","café","prototype-scan","18","165.6342","93.75","81920","9813760"
"many","café","rg-auto","18","77.6401","203.125","81920","9813760"
"many","café","rg-one","18","220.2524","171.875","81920","9813760"
"many","café","git-grep","18","101.3716","15.625","81920","9813760"
"many","café","gnu-grep","18","277.8535","218.75","81920","9813760"
"many","café","prototype-scan","19","192.6678","125","81920","9813760"
"many","café","rg-auto","19","82.7014","156.25","81920","9813760"
"many","café","rg-one","19","217.5136","171.875","81920","9813760"
"many","café","git-grep","19","106.9905","15.625","81920","9813760"
"many","café","gnu-grep","19","249.5387","218.75","81920","9813760"
"many","café","search-original","19","223.1182","453.125","81920","9895680"
"many","café","rg-auto","20","108.8875","187.5","81920","9813760"
"many","café","rg-one","20","241.2891","171.875","81920","9813760"
"many","café","git-grep","20","88.7554","0","81920","9813760"
"many","café","gnu-grep","20","253.111","187.5","81920","9813760"
"many","café","search-original","20","209.3937","375","81920","9895680"
"many","café","prototype-scan","20","194.8703","125","81920","9813760"
"many","café","rg-one","21","217.3632","156.25","81920","9813760"
"many","café","git-grep","21","90.2235","0","81920","9813760"
"many","café","gnu-grep","21","247.9645","218.75","81920","9813760"
"many","café","search-original","21","228.668","359.375","81920","9895680"
"many","café","prototype-scan","21","178.0528","125","81920","9813760"
"many","café","rg-auto","21","106.52","171.875","81920","9813760"
"many","normalize_search_text","prototype-scan","1","81.6529","62.5","0","0"
"many","normalize_search_text","rg-auto","1","70.2999","78.125","0","0"
"many","normalize_search_text","rg-one","1","117.2112","93.75","0","0"
"many","normalize_search_text","git-grep","1","64.1841","15.625","0","0"
"many","normalize_search_text","gnu-grep","1","167.0862","140.625","0","0"
"many","normalize_search_text","search-original","1","46.0257","156.25","0","0"
"many","normalize_search_text","rg-auto","2","69.3649","203.125","0","0"
"many","normalize_search_text","rg-one","2","117.9969","93.75","0","0"
"many","normalize_search_text","git-grep","2","70.1654","15.625","0","0"
"many","normalize_search_text","gnu-grep","2","182.9969","156.25","0","0"
"many","normalize_search_text","search-original","2","47.8063","140.625","0","0"
"many","normalize_search_text","prototype-scan","2","84.4156","62.5","0","0"
"many","normalize_search_text","rg-one","3","106.4748","93.75","0","0"
"many","normalize_search_text","git-grep","3","73.7057","31.25","0","0"
"many","normalize_search_text","gnu-grep","3","201.1585","171.875","0","0"
"many","normalize_search_text","search-original","3","48.3124","62.5","0","0"
"many","normalize_search_text","prototype-scan","3","88.7262","62.5","0","0"
"many","normalize_search_text","rg-auto","3","68.0623","187.5","0","0"
"many","normalize_search_text","git-grep","4","61.32","15.625","0","0"
"many","normalize_search_text","gnu-grep","4","167.4715","140.625","0","0"
"many","normalize_search_text","search-original","4","47.073","156.25","0","0"
"many","normalize_search_text","prototype-scan","4","69.3894","62.5","0","0"
"many","normalize_search_text","rg-auto","4","71.4302","125","0","0"
"many","normalize_search_text","rg-one","4","108.9613","93.75","0","0"
"many","normalize_search_text","gnu-grep","5","172.8348","156.25","0","0"
"many","normalize_search_text","search-original","5","45.5328","203.125","0","0"
"many","normalize_search_text","prototype-scan","5","90.2552","62.5","0","0"
"many","normalize_search_text","rg-auto","5","82.0109","109.375","0","0"
"many","normalize_search_text","rg-one","5","123.5194","93.75","0","0"
"many","normalize_search_text","git-grep","5","68.4498","15.625","0","0"
"many","normalize_search_text","search-original","6","46.9731","312.5","0","0"
"many","normalize_search_text","prototype-scan","6","94.5428","78.125","0","0"
"many","normalize_search_text","rg-auto","6","75.5479","125","0","0"
"many","normalize_search_text","rg-one","6","116.6969","93.75","0","0"
"many","normalize_search_text","git-grep","6","68.9433","15.625","0","0"
"many","normalize_search_text","gnu-grep","6","174.2244","140.625","0","0"
"many","normalize_search_text","prototype-scan","7","94.1655","78.125","0","0"
"many","normalize_search_text","rg-auto","7","66.598","187.5","0","0"
"many","normalize_search_text","rg-one","7","101.421","93.75","0","0"
"many","normalize_search_text","git-grep","7","64.5812","0","0","0"
"many","normalize_search_text","gnu-grep","7","167.4329","156.25","0","0"
"many","normalize_search_text","search-original","7","45.7553","218.75","0","0"
"many","normalize_search_text","rg-auto","8","71.0457","78.125","0","0"
"many","normalize_search_text","rg-one","8","114.8818","109.375","0","0"
"many","normalize_search_text","git-grep","8","71.3967","0","0","0"
"many","normalize_search_text","gnu-grep","8","170.6905","140.625","0","0"
"many","normalize_search_text","search-original","8","47.8858","218.75","0","0"
"many","normalize_search_text","prototype-scan","8","95.2095","78.125","0","0"
"many","normalize_search_text","rg-one","9","125.2158","109.375","0","0"
"many","normalize_search_text","git-grep","9","70.9056","0","0","0"
"many","normalize_search_text","gnu-grep","9","164.6783","156.25","0","0"
"many","normalize_search_text","search-original","9","44.717","171.875","0","0"
"many","normalize_search_text","prototype-scan","9","71.0262","62.5","0","0"
"many","normalize_search_text","rg-auto","9","67.3452","203.125","0","0"
"many","normalize_search_text","git-grep","10","59.1858","15.625","0","0"
"many","normalize_search_text","gnu-grep","10","179.4232","218.75","0","0"
"many","normalize_search_text","search-original","10","50.5198","265.625","0","0"
"many","normalize_search_text","prototype-scan","10","97.7765","78.125","0","0"
"many","normalize_search_text","rg-auto","10","69.4434","187.5","0","0"
"many","normalize_search_text","rg-one","10","106.2779","93.75","0","0"
"many","normalize_search_text","gnu-grep","11","174.3647","156.25","0","0"
"many","normalize_search_text","search-original","11","46.1525","187.5","0","0"
"many","normalize_search_text","prototype-scan","11","97.4924","78.125","0","0"
"many","normalize_search_text","rg-auto","11","71.773","156.25","0","0"
"many","normalize_search_text","rg-one","11","112.0456","93.75","0","0"
"many","normalize_search_text","git-grep","11","64.7731","0","0","0"
"many","normalize_search_text","search-original","12","46.0393","343.75","0","0"
"many","normalize_search_text","prototype-scan","12","76.5982","62.5","0","0"
"many","normalize_search_text","rg-auto","12","71.4641","62.5","0","0"
"many","normalize_search_text","rg-one","12","114.8308","93.75","0","0"
"many","normalize_search_text","git-grep","12","64.4891","0","0","0"
"many","normalize_search_text","gnu-grep","12","187.2943","187.5","0","0"
"many","normalize_search_text","prototype-scan","13","91.5878","93.75","0","0"
"many","normalize_search_text","rg-auto","13","73.0995","93.75","0","0"
"many","normalize_search_text","rg-one","13","107.3192","93.75","0","0"
"many","normalize_search_text","git-grep","13","61.6376","0","0","0"
"many","normalize_search_text","gnu-grep","13","174.2214","171.875","0","0"
"many","normalize_search_text","search-original","13","46.1461","140.625","0","0"
"many","normalize_search_text","rg-auto","14","66.9999","125","0","0"
"many","normalize_search_text","rg-one","14","115.3138","93.75","0","0"
"many","normalize_search_text","git-grep","14","64.2123","15.625","0","0"
"many","normalize_search_text","gnu-grep","14","172.6503","156.25","0","0"
"many","normalize_search_text","search-original","14","45.2509","203.125","0","0"
"many","normalize_search_text","prototype-scan","14","70.1648","46.875","0","0"
"many","normalize_search_text","rg-one","15","109.8608","93.75","0","0"
"many","normalize_search_text","git-grep","15","70.4435","15.625","0","0"
"many","normalize_search_text","gnu-grep","15","193.7259","171.875","0","0"
"many","normalize_search_text","search-original","15","49.1953","156.25","0","0"
"many","normalize_search_text","prototype-scan","15","74.3557","62.5","0","0"
"many","normalize_search_text","rg-auto","15","68.3824","125","0","0"
"many","normalize_search_text","git-grep","16","66.5258","0","0","0"
"many","normalize_search_text","gnu-grep","16","206.5424","171.875","0","0"
"many","normalize_search_text","search-original","16","49.1663","171.875","0","0"
"many","normalize_search_text","prototype-scan","16","85.9385","93.75","0","0"
"many","normalize_search_text","rg-auto","16","72.656","203.125","0","0"
"many","normalize_search_text","rg-one","16","114.417","109.375","0","0"
"many","normalize_search_text","gnu-grep","17","184.2529","156.25","0","0"
"many","normalize_search_text","search-original","17","49.4719","187.5","0","0"
"many","normalize_search_text","prototype-scan","17","93.8766","62.5","0","0"
"many","normalize_search_text","rg-auto","17","80.562","109.375","0","0"
"many","normalize_search_text","rg-one","17","122.1244","140.625","0","0"
"many","normalize_search_text","git-grep","17","61.9377","15.625","0","0"
"many","normalize_search_text","search-original","18","49.6194","281.25","0","0"
"many","normalize_search_text","prototype-scan","18","88.4864","78.125","0","0"
"many","normalize_search_text","rg-auto","18","88.3229","203.125","0","0"
"many","normalize_search_text","rg-one","18","120.5179","109.375","0","0"
"many","normalize_search_text","git-grep","18","68.7203","46.875","0","0"
"many","normalize_search_text","gnu-grep","18","196.6897","156.25","0","0"
"many","normalize_search_text","prototype-scan","19","84.9167","93.75","0","0"
"many","normalize_search_text","rg-auto","19","71.4428","140.625","0","0"
"many","normalize_search_text","rg-one","19","117.4653","109.375","0","0"
"many","normalize_search_text","git-grep","19","64.6228","0","0","0"
"many","normalize_search_text","gnu-grep","19","173.9748","156.25","0","0"
"many","normalize_search_text","search-original","19","46.7795","234.375","0","0"
"many","normalize_search_text","rg-auto","20","70.6741","93.75","0","0"
"many","normalize_search_text","rg-one","20","100.5497","78.125","0","0"
"many","normalize_search_text","git-grep","20","78.1934","62.5","0","0"
"many","normalize_search_text","gnu-grep","20","172.6814","156.25","0","0"
"many","normalize_search_text","search-original","20","46.2974","140.625","0","0"
"many","normalize_search_text","prototype-scan","20","76.5015","62.5","0","0"
"many","normalize_search_text","rg-one","21","119.8429","109.375","0","0"
"many","normalize_search_text","git-grep","21","61.4068","15.625","0","0"
"many","normalize_search_text","gnu-grep","21","174.5934","140.625","0","0"
"many","normalize_search_text","search-original","21","46.4535","281.25","0","0"
"many","normalize_search_text","prototype-scan","21","75.5012","78.125","0","0"
"many","normalize_search_text","rg-auto","21","66.6248","109.375","0","0"
"single","needle_tag_7fd9","prototype-scan","1","35.7629","15.625","1","71"
"single","needle_tag_7fd9","rg-auto","1","36.778","15.625","1","71"
"single","needle_tag_7fd9","rg-one","1","32.9397","31.25","1","71"
"single","needle_tag_7fd9","git-grep","1","71.5527","15.625","1","71"
"single","needle_tag_7fd9","gnu-grep","1","75.7601","62.5","1","71"
"single","needle_tag_7fd9","search-original","1","48.3259","78.125","1","72"
"single","needle_tag_7fd9","rg-auto","2","38.3559","31.25","1","71"
"single","needle_tag_7fd9","rg-one","2","35.5033","15.625","1","71"
"single","needle_tag_7fd9","git-grep","2","70.0572","15.625","1","71"
"single","needle_tag_7fd9","gnu-grep","2","79.4988","62.5","1","71"
"single","needle_tag_7fd9","search-original","2","49.8439","31.25","1","72"
"single","needle_tag_7fd9","prototype-scan","2","34.4357","15.625","1","71"
"single","needle_tag_7fd9","rg-one","3","34.982","15.625","1","71"
"single","needle_tag_7fd9","git-grep","3","69.5337","15.625","1","71"
"single","needle_tag_7fd9","gnu-grep","3","74.0511","62.5","1","71"
"single","needle_tag_7fd9","search-original","3","49.5602","31.25","1","72"
"single","needle_tag_7fd9","prototype-scan","3","33.681","15.625","1","71"
"single","needle_tag_7fd9","rg-auto","3","36.6113","31.25","1","71"
"single","needle_tag_7fd9","git-grep","4","72.8752","15.625","1","71"
"single","needle_tag_7fd9","gnu-grep","4","69.7493","31.25","1","71"
"single","needle_tag_7fd9","search-original","4","48.5095","78.125","1","72"
"single","needle_tag_7fd9","prototype-scan","4","38.2148","15.625","1","71"
"single","needle_tag_7fd9","rg-auto","4","40.4614","31.25","1","71"
"single","needle_tag_7fd9","rg-one","4","33.9675","15.625","1","71"
"single","needle_tag_7fd9","gnu-grep","5","70.6187","46.875","1","71"
"single","needle_tag_7fd9","search-original","5","48.5972","31.25","1","72"
"single","needle_tag_7fd9","prototype-scan","5","36.5927","15.625","1","71"
"single","needle_tag_7fd9","rg-auto","5","37.1107","15.625","1","71"
"single","needle_tag_7fd9","rg-one","5","34.1695","31.25","1","71"
"single","needle_tag_7fd9","git-grep","5","68.0451","0","1","71"
"single","needle_tag_7fd9","search-original","6","46.5727","31.25","1","72"
"single","needle_tag_7fd9","prototype-scan","6","34.6632","15.625","1","71"
"single","needle_tag_7fd9","rg-auto","6","39.2853","31.25","1","71"
"single","needle_tag_7fd9","rg-one","6","33.477","15.625","1","71"
"single","needle_tag_7fd9","git-grep","6","72.2319","31.25","1","71"
"single","needle_tag_7fd9","gnu-grep","6","71.929","46.875","1","71"
"single","needle_tag_7fd9","prototype-scan","7","36.9131","31.25","1","71"
"single","needle_tag_7fd9","rg-auto","7","40.3647","15.625","1","71"
"single","needle_tag_7fd9","rg-one","7","34.217","31.25","1","71"
"single","needle_tag_7fd9","git-grep","7","82.6178","15.625","1","71"
"single","needle_tag_7fd9","gnu-grep","7","76.3818","62.5","1","71"
"single","needle_tag_7fd9","search-original","7","50.3799","31.25","1","72"
"single","needle_tag_7fd9","rg-auto","8","42.1148","31.25","1","71"
"single","needle_tag_7fd9","rg-one","8","34.5704","15.625","1","71"
"single","needle_tag_7fd9","git-grep","8","71.7728","15.625","1","71"
"single","needle_tag_7fd9","gnu-grep","8","79.7954","62.5","1","71"
"single","needle_tag_7fd9","search-original","8","48.5841","31.25","1","72"
"single","needle_tag_7fd9","prototype-scan","8","37.3529","15.625","1","71"
"single","needle_tag_7fd9","rg-one","9","33.4197","31.25","1","71"
"single","needle_tag_7fd9","git-grep","9","68.7232","0","1","71"
"single","needle_tag_7fd9","gnu-grep","9","70.0106","46.875","1","71"
"single","needle_tag_7fd9","search-original","9","49.6789","31.25","1","72"
"single","needle_tag_7fd9","prototype-scan","9","36.4017","15.625","1","71"
"single","needle_tag_7fd9","rg-auto","9","38.866","15.625","1","71"
"single","needle_tag_7fd9","git-grep","10","69.3194","15.625","1","71"
"single","needle_tag_7fd9","gnu-grep","10","77.534","46.875","1","71"
"single","needle_tag_7fd9","search-original","10","49.5413","31.25","1","72"
"single","needle_tag_7fd9","prototype-scan","10","35.2617","15.625","1","71"
"single","needle_tag_7fd9","rg-auto","10","38.9439","15.625","1","71"
"single","needle_tag_7fd9","rg-one","10","34.186","15.625","1","71"
"single","needle_tag_7fd9","gnu-grep","11","71.746","46.875","1","71"
"single","needle_tag_7fd9","search-original","11","49.0531","78.125","1","72"
"single","needle_tag_7fd9","prototype-scan","11","37.0457","15.625","1","71"
"single","needle_tag_7fd9","rg-auto","11","41.6752","15.625","1","71"
"single","needle_tag_7fd9","rg-one","11","36.312","15.625","1","71"
"single","needle_tag_7fd9","git-grep","11","69.2468","15.625","1","71"
"single","needle_tag_7fd9","search-original","12","50.8621","31.25","1","72"
"single","needle_tag_7fd9","prototype-scan","12","35.3521","31.25","1","71"
"single","needle_tag_7fd9","rg-auto","12","38.9085","15.625","1","71"
"single","needle_tag_7fd9","rg-one","12","33.828","15.625","1","71"
"single","needle_tag_7fd9","git-grep","12","70.0524","46.875","1","71"
"single","needle_tag_7fd9","gnu-grep","12","72.112","46.875","1","71"
"single","needle_tag_7fd9","prototype-scan","13","36.2829","31.25","1","71"
"single","needle_tag_7fd9","rg-auto","13","37.6803","15.625","1","71"
"single","needle_tag_7fd9","rg-one","13","32.6422","15.625","1","71"
"single","needle_tag_7fd9","git-grep","13","69.9192","31.25","1","71"
"single","needle_tag_7fd9","gnu-grep","13","71.5147","46.875","1","71"
"single","needle_tag_7fd9","search-original","13","48.0059","31.25","1","72"
"single","needle_tag_7fd9","rg-auto","14","38.9294","15.625","1","71"
"single","needle_tag_7fd9","rg-one","14","31.933","15.625","1","71"
"single","needle_tag_7fd9","git-grep","14","68.4684","0","1","71"
"single","needle_tag_7fd9","gnu-grep","14","73.0096","62.5","1","71"
"single","needle_tag_7fd9","search-original","14","48.7799","46.875","1","72"
"single","needle_tag_7fd9","prototype-scan","14","36.7683","31.25","1","71"
"single","needle_tag_7fd9","rg-one","15","33.7118","15.625","1","71"
"single","needle_tag_7fd9","git-grep","15","74.0432","31.25","1","71"
"single","needle_tag_7fd9","gnu-grep","15","74.345","31.25","1","71"
"single","needle_tag_7fd9","search-original","15","48.0159","31.25","1","72"
"single","needle_tag_7fd9","prototype-scan","15","36.0457","15.625","1","71"
"single","needle_tag_7fd9","rg-auto","15","38.1325","15.625","1","71"
"single","needle_tag_7fd9","git-grep","16","67.2896","31.25","1","71"
"single","needle_tag_7fd9","gnu-grep","16","68.9635","46.875","1","71"
"single","needle_tag_7fd9","search-original","16","47.9986","31.25","1","72"
"single","needle_tag_7fd9","prototype-scan","16","35.4856","31.25","1","71"
"single","needle_tag_7fd9","rg-auto","16","38.9598","15.625","1","71"
"single","needle_tag_7fd9","rg-one","16","35.2519","31.25","1","71"
"single","needle_tag_7fd9","gnu-grep","17","70.1558","62.5","1","71"
"single","needle_tag_7fd9","search-original","17","49.1249","78.125","1","72"
"single","needle_tag_7fd9","prototype-scan","17","34.5099","15.625","1","71"
"single","needle_tag_7fd9","rg-auto","17","37.922","93.75","1","71"
"single","needle_tag_7fd9","rg-one","17","31.8157","15.625","1","71"
"single","needle_tag_7fd9","git-grep","17","67.1599","15.625","1","71"
"single","needle_tag_7fd9","search-original","18","46.7335","31.25","1","72"
"single","needle_tag_7fd9","prototype-scan","18","34.1747","15.625","1","71"
"single","needle_tag_7fd9","rg-auto","18","39.2591","15.625","1","71"
"single","needle_tag_7fd9","rg-one","18","31.7275","15.625","1","71"
"single","needle_tag_7fd9","git-grep","18","67.5333","15.625","1","71"
"single","needle_tag_7fd9","gnu-grep","18","70.535","46.875","1","71"
"single","needle_tag_7fd9","prototype-scan","19","34.7136","15.625","1","71"
"single","needle_tag_7fd9","rg-auto","19","40.1176","31.25","1","71"
"single","needle_tag_7fd9","rg-one","19","33.8418","15.625","1","71"
"single","needle_tag_7fd9","git-grep","19","68.5641","15.625","1","71"
"single","needle_tag_7fd9","gnu-grep","19","72.7573","78.125","1","71"
"single","needle_tag_7fd9","search-original","19","49.5673","31.25","1","72"
"single","needle_tag_7fd9","rg-auto","20","38.4274","31.25","1","71"
"single","needle_tag_7fd9","rg-one","20","34.8032","15.625","1","71"
"single","needle_tag_7fd9","git-grep","20","68.3484","15.625","1","71"
"single","needle_tag_7fd9","gnu-grep","20","70.9436","62.5","1","71"
"single","needle_tag_7fd9","search-original","20","49.1451","78.125","1","72"
"single","needle_tag_7fd9","prototype-scan","20","34.9475","15.625","1","71"
"single","needle_tag_7fd9","rg-one","21","34.3323","46.875","1","71"
"single","needle_tag_7fd9","git-grep","21","69.5308","0","1","71"
"single","needle_tag_7fd9","gnu-grep","21","71.0793","62.5","1","71"
"single","needle_tag_7fd9","search-original","21","47.4049","31.25","1","72"
"single","needle_tag_7fd9","prototype-scan","21","36.3057","15.625","1","71"
"single","needle_tag_7fd9","rg-auto","21","38.6006","15.625","1","71"
"single","zzqxyw_no_such_content","prototype-scan","1","34.7325","15.625","0","0"
"single","zzqxyw_no_such_content","rg-auto","1","36.7386","15.625","0","0"
"single","zzqxyw_no_such_content","rg-one","1","33.8411","31.25","0","0"
"single","zzqxyw_no_such_content","git-grep","1","67.4023","15.625","0","0"
"single","zzqxyw_no_such_content","gnu-grep","1","74.8378","46.875","0","0"
"single","zzqxyw_no_such_content","search-original","1","50.7007","31.25","0","0"
"single","zzqxyw_no_such_content","rg-auto","2","37.3414","15.625","0","0"
"single","zzqxyw_no_such_content","rg-one","2","31.7333","31.25","0","0"
"single","zzqxyw_no_such_content","git-grep","2","65.5468","15.625","0","0"
"single","zzqxyw_no_such_content","gnu-grep","2","74.9312","62.5","0","0"
"single","zzqxyw_no_such_content","search-original","2","47.2696","46.875","0","0"
"single","zzqxyw_no_such_content","prototype-scan","2","35.1238","31.25","0","0"
"single","zzqxyw_no_such_content","rg-one","3","33.1512","15.625","0","0"
"single","zzqxyw_no_such_content","git-grep","3","65.5835","0","0","0"
"single","zzqxyw_no_such_content","gnu-grep","3","72.157","62.5","0","0"
"single","zzqxyw_no_such_content","search-original","3","52.1243","78.125","0","0"
"single","zzqxyw_no_such_content","prototype-scan","3","35.8641","15.625","0","0"
"single","zzqxyw_no_such_content","rg-auto","3","36.1041","31.25","0","0"
"single","zzqxyw_no_such_content","git-grep","4","63.9268","0","0","0"
"single","zzqxyw_no_such_content","gnu-grep","4","71.124","46.875","0","0"
"single","zzqxyw_no_such_content","search-original","4","46.8597","31.25","0","0"
"single","zzqxyw_no_such_content","prototype-scan","4","34.5951","31.25","0","0"
"single","zzqxyw_no_such_content","rg-auto","4","34.5231","15.625","0","0"
"single","zzqxyw_no_such_content","rg-one","4","33.8049","15.625","0","0"
"single","zzqxyw_no_such_content","gnu-grep","5","74.916","62.5","0","0"
"single","zzqxyw_no_such_content","search-original","5","49.0411","78.125","0","0"
"single","zzqxyw_no_such_content","prototype-scan","5","36.3059","15.625","0","0"
"single","zzqxyw_no_such_content","rg-auto","5","38.4176","15.625","0","0"
"single","zzqxyw_no_such_content","rg-one","5","32.9697","15.625","0","0"
"single","zzqxyw_no_such_content","git-grep","5","65.1287","31.25","0","0"
"single","zzqxyw_no_such_content","search-original","6","48.8382","31.25","0","0"
"single","zzqxyw_no_such_content","prototype-scan","6","34.8275","15.625","0","0"
"single","zzqxyw_no_such_content","rg-auto","6","37.5746","15.625","0","0"
"single","zzqxyw_no_such_content","rg-one","6","34.5423","15.625","0","0"
"single","zzqxyw_no_such_content","git-grep","6","64.4965","15.625","0","0"
"single","zzqxyw_no_such_content","gnu-grep","6","72.6772","62.5","0","0"
"single","zzqxyw_no_such_content","prototype-scan","7","34.6257","15.625","0","0"
"single","zzqxyw_no_such_content","rg-auto","7","37.5706","15.625","0","0"
"single","zzqxyw_no_such_content","rg-one","7","34.3681","15.625","0","0"
"single","zzqxyw_no_such_content","git-grep","7","64.9573","15.625","0","0"
"single","zzqxyw_no_such_content","gnu-grep","7","76.5278","78.125","0","0"
"single","zzqxyw_no_such_content","search-original","7","52.0616","46.875","0","0"
"single","zzqxyw_no_such_content","rg-auto","8","39.8395","31.25","0","0"
"single","zzqxyw_no_such_content","rg-one","8","35.9293","15.625","0","0"
"single","zzqxyw_no_such_content","git-grep","8","73.0152","15.625","0","0"
"single","zzqxyw_no_such_content","gnu-grep","8","78.2102","78.125","0","0"
"single","zzqxyw_no_such_content","search-original","8","52.7861","62.5","0","0"
"single","zzqxyw_no_such_content","prototype-scan","8","35.1286","15.625","0","0"
"single","zzqxyw_no_such_content","rg-one","9","33.2444","15.625","0","0"
"single","zzqxyw_no_such_content","git-grep","9","64.7079","0","0","0"
"single","zzqxyw_no_such_content","gnu-grep","9","72.1845","62.5","0","0"
"single","zzqxyw_no_such_content","search-original","9","48.3292","31.25","0","0"
"single","zzqxyw_no_such_content","prototype-scan","9","35.5338","15.625","0","0"
"single","zzqxyw_no_such_content","rg-auto","9","36.8705","31.25","0","0"
"single","zzqxyw_no_such_content","git-grep","10","67.5978","0","0","0"
"single","zzqxyw_no_such_content","gnu-grep","10","72.8173","62.5","0","0"
"single","zzqxyw_no_such_content","search-original","10","47.543","31.25","0","0"
"single","zzqxyw_no_such_content","prototype-scan","10","36.2858","15.625","0","0"
"single","zzqxyw_no_such_content","rg-auto","10","39.8468","31.25","0","0"
"single","zzqxyw_no_such_content","rg-one","10","33.9407","15.625","0","0"
"single","zzqxyw_no_such_content","gnu-grep","11","77.656","31.25","0","0"
"single","zzqxyw_no_such_content","search-original","11","52.5601","31.25","0","0"
"single","zzqxyw_no_such_content","prototype-scan","11","38.7773","46.875","0","0"
"single","zzqxyw_no_such_content","rg-auto","11","39.166","15.625","0","0"
"single","zzqxyw_no_such_content","rg-one","11","33.4208","15.625","0","0"
"single","zzqxyw_no_such_content","git-grep","11","68.9697","0","0","0"
"single","zzqxyw_no_such_content","search-original","12","48.2402","62.5","0","0"
"single","zzqxyw_no_such_content","prototype-scan","12","35.7038","15.625","0","0"
"single","zzqxyw_no_such_content","rg-auto","12","39.6332","15.625","0","0"
"single","zzqxyw_no_such_content","rg-one","12","32.9411","15.625","0","0"
"single","zzqxyw_no_such_content","git-grep","12","70.2709","15.625","0","0"
"single","zzqxyw_no_such_content","gnu-grep","12","74.0393","62.5","0","0"
"single","zzqxyw_no_such_content","prototype-scan","13","37.139","31.25","0","0"
"single","zzqxyw_no_such_content","rg-auto","13","39.0709","15.625","0","0"
"single","zzqxyw_no_such_content","rg-one","13","34.073","31.25","0","0"
"single","zzqxyw_no_such_content","git-grep","13","68.483","0","0","0"
"single","zzqxyw_no_such_content","gnu-grep","13","75.7166","62.5","0","0"
"single","zzqxyw_no_such_content","search-original","13","47.3996","15.625","0","0"
"single","zzqxyw_no_such_content","rg-auto","14","35.9029","15.625","0","0"
"single","zzqxyw_no_such_content","rg-one","14","32.3218","15.625","0","0"
"single","zzqxyw_no_such_content","git-grep","14","65.1409","15.625","0","0"
"single","zzqxyw_no_such_content","gnu-grep","14","72.5082","62.5","0","0"
"single","zzqxyw_no_such_content","search-original","14","51.7796","46.875","0","0"
"single","zzqxyw_no_such_content","prototype-scan","14","37.7379","15.625","0","0"
"single","zzqxyw_no_such_content","rg-one","15","35.1313","15.625","0","0"
"single","zzqxyw_no_such_content","git-grep","15","68.3167","15.625","0","0"
"single","zzqxyw_no_such_content","gnu-grep","15","74.2208","62.5","0","0"
"single","zzqxyw_no_such_content","search-original","15","50.6256","31.25","0","0"
"single","zzqxyw_no_such_content","prototype-scan","15","39.607","15.625","0","0"
"single","zzqxyw_no_such_content","rg-auto","15","43.07","15.625","0","0"
"single","zzqxyw_no_such_content","git-grep","16","80.9235","15.625","0","0"
"single","zzqxyw_no_such_content","gnu-grep","16","74.5264","62.5","0","0"
"single","zzqxyw_no_such_content","search-original","16","49.2021","78.125","0","0"
"single","zzqxyw_no_such_content","prototype-scan","16","38.7739","31.25","0","0"
"single","zzqxyw_no_such_content","rg-auto","16","40.9575","15.625","0","0"
"single","zzqxyw_no_such_content","rg-one","16","36.3105","15.625","0","0"
"single","zzqxyw_no_such_content","gnu-grep","17","81.5135","62.5","0","0"
"single","zzqxyw_no_such_content","search-original","17","52.6448","31.25","0","0"
"single","zzqxyw_no_such_content","prototype-scan","17","39.3123","31.25","0","0"
"single","zzqxyw_no_such_content","rg-auto","17","41.1469","15.625","0","0"
"single","zzqxyw_no_such_content","rg-one","17","36.4173","15.625","0","0"
"single","zzqxyw_no_such_content","git-grep","17","82.1693","0","0","0"
"single","zzqxyw_no_such_content","search-original","18","72.9916","62.5","0","0"
"single","zzqxyw_no_such_content","prototype-scan","18","43.003","15.625","0","0"
"single","zzqxyw_no_such_content","rg-auto","18","44.8127","15.625","0","0"
"single","zzqxyw_no_such_content","rg-one","18","42.0701","15.625","0","0"
"single","zzqxyw_no_such_content","git-grep","18","69.6654","46.875","0","0"
"single","zzqxyw_no_such_content","gnu-grep","18","80.6011","46.875","0","0"
"single","zzqxyw_no_such_content","prototype-scan","19","42.9462","15.625","0","0"
"single","zzqxyw_no_such_content","rg-auto","19","49.4172","15.625","0","0"
"single","zzqxyw_no_such_content","rg-one","19","40.8633","15.625","0","0"
"single","zzqxyw_no_such_content","git-grep","19","84.3245","0","0","0"
"single","zzqxyw_no_such_content","gnu-grep","19","83.4271","46.875","0","0"
"single","zzqxyw_no_such_content","search-original","19","67.9867","62.5","0","0"
"single","zzqxyw_no_such_content","rg-auto","20","42.0257","15.625","0","0"
"single","zzqxyw_no_such_content","rg-one","20","33.2707","15.625","0","0"
"single","zzqxyw_no_such_content","git-grep","20","75.3358","0","0","0"
"single","zzqxyw_no_such_content","gnu-grep","20","84.0362","78.125","0","0"
"single","zzqxyw_no_such_content","search-original","20","56.3803","31.25","0","0"
"single","zzqxyw_no_such_content","prototype-scan","20","45.8056","31.25","0","0"
"single","zzqxyw_no_such_content","rg-one","21","37.0057","31.25","0","0"
"single","zzqxyw_no_such_content","git-grep","21","74.2569","0","0","0"
"single","zzqxyw_no_such_content","gnu-grep","21","80.2986","46.875","0","0"
"single","zzqxyw_no_such_content","search-original","21","52.9289","31.25","0","0"
"single","zzqxyw_no_such_content","prototype-scan","21","38.2313","15.625","0","0"
"single","zzqxyw_no_such_content","rg-auto","21","39.3606","15.625","0","0"
"single","abcd","prototype-scan","1","38.4352","15.625","76","3937"
"single","abcd","rg-auto","1","41.2324","15.625","76","3937"
"single","abcd","rg-one","1","33.1358","15.625","76","3937"
"single","abcd","git-grep","1","90.8688","15.625","76","3937"
"single","abcd","gnu-grep","1","92.1774","93.75","76","3937"
"single","abcd","search-original","1","54.6553","62.5","76","4013"
"single","abcd","rg-auto","2","38.8718","15.625","76","3937"
"single","abcd","rg-one","2","35.0827","31.25","76","3937"
"single","abcd","git-grep","2","98.2405","0","76","3937"
"single","abcd","gnu-grep","2","93.1998","78.125","76","3937"
"single","abcd","search-original","2","51.4041","31.25","76","4013"
"single","abcd","prototype-scan","2","35.5992","15.625","76","3937"
"single","abcd","rg-one","3","36.5152","15.625","76","3937"
"single","abcd","git-grep","3","100.1396","15.625","76","3937"
"single","abcd","gnu-grep","3","96.2619","109.375","76","3937"
"single","abcd","search-original","3","48.9821","31.25","76","4013"
"single","abcd","prototype-scan","3","38.1309","15.625","76","3937"
"single","abcd","rg-auto","3","38.9493","62.5","76","3937"
"single","abcd","git-grep","4","91.9572","31.25","76","3937"
"single","abcd","gnu-grep","4","93.5086","62.5","76","3937"
"single","abcd","search-original","4","56.0857","15.625","76","4013"
"single","abcd","prototype-scan","4","65.5358","15.625","76","3937"
"single","abcd","rg-auto","4","38.6709","15.625","76","3937"
"single","abcd","rg-one","4","34.372","15.625","76","3937"
"single","abcd","gnu-grep","5","104.6733","93.75","76","3937"
"single","abcd","search-original","5","51.9447","62.5","76","4013"
"single","abcd","prototype-scan","5","37.5359","15.625","76","3937"
"single","abcd","rg-auto","5","38.3151","15.625","76","3937"
"single","abcd","rg-one","5","37.6653","31.25","76","3937"
"single","abcd","git-grep","5","91.7167","31.25","76","3937"
"single","abcd","search-original","6","48.3313","31.25","76","4013"
"single","abcd","prototype-scan","6","41.7349","15.625","76","3937"
"single","abcd","rg-auto","6","43.0045","15.625","76","3937"
"single","abcd","rg-one","6","35.05","15.625","76","3937"
"single","abcd","git-grep","6","93.4679","0","76","3937"
"single","abcd","gnu-grep","6","97.5888","78.125","76","3937"
"single","abcd","prototype-scan","7","39.9659","31.25","76","3937"
"single","abcd","rg-auto","7","39.4507","31.25","76","3937"
"single","abcd","rg-one","7","36.0636","15.625","76","3937"
"single","abcd","git-grep","7","94.8331","15.625","76","3937"
"single","abcd","gnu-grep","7","94.5871","62.5","76","3937"
"single","abcd","search-original","7","49.353","15.625","76","4013"
"single","abcd","rg-auto","8","36.0646","15.625","76","3937"
"single","abcd","rg-one","8","35.6572","15.625","76","3937"
"single","abcd","git-grep","8","96.2979","15.625","76","3937"
"single","abcd","gnu-grep","8","89.7347","62.5","76","3937"
"single","abcd","search-original","8","50.7626","46.875","76","4013"
"single","abcd","prototype-scan","8","39.4414","15.625","76","3937"
"single","abcd","rg-one","9","33.4522","15.625","76","3937"
"single","abcd","git-grep","9","87.7127","15.625","76","3937"
"single","abcd","gnu-grep","9","94.6963","78.125","76","3937"
"single","abcd","search-original","9","53.1647","62.5","76","4013"
"single","abcd","prototype-scan","9","34.9594","15.625","76","3937"
"single","abcd","rg-auto","9","37.3813","15.625","76","3937"
"single","abcd","git-grep","10","89.5592","15.625","76","3937"
"single","abcd","gnu-grep","10","99.1262","93.75","76","3937"
"single","abcd","search-original","10","54.5981","78.125","76","4013"
"single","abcd","prototype-scan","10","39.6119","0","76","3937"
"single","abcd","rg-auto","10","38.4254","15.625","76","3937"
"single","abcd","rg-one","10","35.9212","15.625","76","3937"
"single","abcd","gnu-grep","11","99.4177","78.125","76","3937"
"single","abcd","search-original","11","50.9488","31.25","76","4013"
"single","abcd","prototype-scan","11","37.5331","15.625","76","3937"
"single","abcd","rg-auto","11","38.872","15.625","76","3937"
"single","abcd","rg-one","11","37.2058","15.625","76","3937"
"single","abcd","git-grep","11","90.3625","0","76","3937"
"single","abcd","search-original","12","52.8744","31.25","76","4013"
"single","abcd","prototype-scan","12","39.8736","15.625","76","3937"
"single","abcd","rg-auto","12","42.2957","15.625","76","3937"
"single","abcd","rg-one","12","32.159","15.625","76","3937"
"single","abcd","git-grep","12","96.7697","31.25","76","3937"
"single","abcd","gnu-grep","12","94.1355","78.125","76","3937"
"single","abcd","prototype-scan","13","41.8737","15.625","76","3937"
"single","abcd","rg-auto","13","43.5627","46.875","76","3937"
"single","abcd","rg-one","13","38.1297","15.625","76","3937"
"single","abcd","git-grep","13","94.5015","0","76","3937"
"single","abcd","gnu-grep","13","94.7114","93.75","76","3937"
"single","abcd","search-original","13","52.1962","78.125","76","4013"
"single","abcd","rg-auto","14","40.6788","31.25","76","3937"
"single","abcd","rg-one","14","37.29","15.625","76","3937"
"single","abcd","git-grep","14","92.7885","62.5","76","3937"
"single","abcd","gnu-grep","14","97.3366","78.125","76","3937"
"single","abcd","search-original","14","49.0738","15.625","76","4013"
"single","abcd","prototype-scan","14","35.0953","15.625","76","3937"
"single","abcd","rg-one","15","35.4732","15.625","76","3937"
"single","abcd","git-grep","15","90.2732","15.625","76","3937"
"single","abcd","gnu-grep","15","89.4757","62.5","76","3937"
"single","abcd","search-original","15","54.6952","31.25","76","4013"
"single","abcd","prototype-scan","15","35.8134","15.625","76","3937"
"single","abcd","rg-auto","15","47.5858","31.25","76","3937"
"single","abcd","git-grep","16","128.6667","0","76","3937"
"single","abcd","gnu-grep","16","140.5094","109.375","76","3937"
"single","abcd","search-original","16","78.1233","62.5","76","4013"
"single","abcd","prototype-scan","16","46.0764","31.25","76","3937"
"single","abcd","rg-auto","16","41.1398","15.625","76","3937"
"single","abcd","rg-one","16","34.6575","15.625","76","3937"
"single","abcd","gnu-grep","17","96.6788","78.125","76","3937"
"single","abcd","search-original","17","54.452","46.875","76","4013"
"single","abcd","prototype-scan","17","36.662","15.625","76","3937"
"single","abcd","rg-auto","17","38.0696","15.625","76","3937"
"single","abcd","rg-one","17","32.859","15.625","76","3937"
"single","abcd","git-grep","17","88.8376","0","76","3937"
"single","abcd","search-original","18","49.153","31.25","76","4013"
"single","abcd","prototype-scan","18","37.3432","15.625","76","3937"
"single","abcd","rg-auto","18","41.4183","31.25","76","3937"
"single","abcd","rg-one","18","37.9937","15.625","76","3937"
"single","abcd","git-grep","18","96.1964","15.625","76","3937"
"single","abcd","gnu-grep","18","100.4422","78.125","76","3937"
"single","abcd","prototype-scan","19","35.5817","15.625","76","3937"
"single","abcd","rg-auto","19","39.7611","46.875","76","3937"
"single","abcd","rg-one","19","35.999","15.625","76","3937"
"single","abcd","git-grep","19","89.044","0","76","3937"
"single","abcd","gnu-grep","19","94.7401","78.125","76","3937"
"single","abcd","search-original","19","49.4257","62.5","76","4013"
"single","abcd","rg-auto","20","38.7424","15.625","76","3937"
"single","abcd","rg-one","20","34.7294","31.25","76","3937"
"single","abcd","git-grep","20","92.5902","0","76","3937"
"single","abcd","gnu-grep","20","95.2749","78.125","76","3937"
"single","abcd","search-original","20","51.0267","31.25","76","4013"
"single","abcd","prototype-scan","20","37.5344","31.25","76","3937"
"single","abcd","rg-one","21","32.7961","15.625","76","3937"
"single","abcd","git-grep","21","96.6111","0","76","3937"
"single","abcd","gnu-grep","21","89.5552","78.125","76","3937"
"single","abcd","search-original","21","49.1107","31.25","76","4013"
"single","abcd","prototype-scan","21","36.9291","15.625","76","3937"
"single","abcd","rg-auto","21","39.533","31.25","76","3937"
"single","return","prototype-scan","1","78.216","46.875","81920","8096192"
"single","return","rg-auto","1","56.9704","46.875","81920","8096192"
"single","return","rg-one","1","72.1807","62.5","81920","8096192"
"single","return","git-grep","1","120.9846","15.625","81920","8096192"
"single","return","gnu-grep","1","124.7714","93.75","81920","8096192"
"single","return","search-original","1","303.6085","234.375","81920","8178112"
"single","return","rg-auto","2","66.9205","31.25","81920","8096192"
"single","return","rg-one","2","60.9537","46.875","81920","8096192"
"single","return","git-grep","2","124.2991","15.625","81920","8096192"
"single","return","gnu-grep","2","116.4431","93.75","81920","8096192"
"single","return","search-original","2","236.8762","171.875","81920","8178112"
"single","return","prototype-scan","2","58.0514","31.25","81920","8096192"
"single","return","rg-one","3","65.8182","46.875","81920","8096192"
"single","return","git-grep","3","110.7375","15.625","81920","8096192"
"single","return","gnu-grep","3","126.7254","78.125","81920","8096192"
"single","return","search-original","3","213.1398","281.25","81920","8178112"
"single","return","prototype-scan","3","58.6467","46.875","81920","8096192"
"single","return","rg-auto","3","63.4364","31.25","81920","8096192"
"single","return","git-grep","4","115.9258","0","81920","8096192"
"single","return","gnu-grep","4","121.3667","78.125","81920","8096192"
"single","return","search-original","4","206.3722","265.625","81920","8178112"
"single","return","prototype-scan","4","65.7149","46.875","81920","8096192"
"single","return","rg-auto","4","52.0805","31.25","81920","8096192"
"single","return","rg-one","4","62.5203","31.25","81920","8096192"
"single","return","gnu-grep","5","151.108","93.75","81920","8096192"
"single","return","search-original","5","227.4122","234.375","81920","8178112"
"single","return","prototype-scan","5","67.6847","46.875","81920","8096192"
"single","return","rg-auto","5","97.5401","78.125","81920","8096192"
"single","return","rg-one","5","62.0033","46.875","81920","8096192"
"single","return","git-grep","5","133.4385","15.625","81920","8096192"
"single","return","search-original","6","259.7816","203.125","81920","8178112"
"single","return","prototype-scan","6","54.809","31.25","81920","8096192"
"single","return","rg-auto","6","89.4582","15.625","81920","8096192"
"single","return","rg-one","6","67.3423","62.5","81920","8096192"
"single","return","git-grep","6","112.9517","31.25","81920","8096192"
"single","return","gnu-grep","6","115.6103","78.125","81920","8096192"
"single","return","prototype-scan","7","57.1653","31.25","81920","8096192"
"single","return","rg-auto","7","61.4428","46.875","81920","8096192"
"single","return","rg-one","7","65.2476","46.875","81920","8096192"
"single","return","git-grep","7","114.367","15.625","81920","8096192"
"single","return","gnu-grep","7","129.8846","93.75","81920","8096192"
"single","return","search-original","7","222.1906","171.875","81920","8178112"
"single","return","rg-auto","8","56.6937","31.25","81920","8096192"
"single","return","rg-one","8","67.9271","31.25","81920","8096192"
"single","return","git-grep","8","112.4463","15.625","81920","8096192"
"single","return","gnu-grep","8","118.5832","156.25","81920","8096192"
"single","return","search-original","8","228.3447","171.875","81920","8178112"
"single","return","prototype-scan","8","60.8244","31.25","81920","8096192"
"single","return","rg-one","9","77.8615","31.25","81920","8096192"
"single","return","git-grep","9","106.6222","15.625","81920","8096192"
"single","return","gnu-grep","9","125.5749","93.75","81920","8096192"
"single","return","search-original","9","200.6196","203.125","81920","8178112"
"single","return","prototype-scan","9","70.6136","46.875","81920","8096192"
"single","return","rg-auto","9","54.5167","31.25","81920","8096192"
"single","return","git-grep","10","116.6364","0","81920","8096192"
"single","return","gnu-grep","10","129.6187","125","81920","8096192"
"single","return","search-original","10","201.4827","250","81920","8178112"
"single","return","prototype-scan","10","58.2784","15.625","81920","8096192"
"single","return","rg-auto","10","85.5909","31.25","81920","8096192"
"single","return","rg-one","10","57.0149","46.875","81920","8096192"
"single","return","gnu-grep","11","149.808","93.75","81920","8096192"
"single","return","search-original","11","224.6101","203.125","81920","8178112"
"single","return","prototype-scan","11","57.6108","31.25","81920","8096192"
"single","return","rg-auto","11","59.3602","15.625","81920","8096192"
"single","return","rg-one","11","65.5363","31.25","81920","8096192"
"single","return","git-grep","11","123.4065","15.625","81920","8096192"
"single","return","search-original","12","210.9011","187.5","81920","8178112"
"single","return","prototype-scan","12","55.4593","31.25","81920","8096192"
"single","return","rg-auto","12","61.5103","15.625","81920","8096192"
"single","return","rg-one","12","82.9984","62.5","81920","8096192"
"single","return","git-grep","12","114.5704","0","81920","8096192"
"single","return","gnu-grep","12","128.5621","125","81920","8096192"
"single","return","prototype-scan","13","58.4389","31.25","81920","8096192"
"single","return","rg-auto","13","64.6978","31.25","81920","8096192"
"single","return","rg-one","13","65.2317","31.25","81920","8096192"
"single","return","git-grep","13","123.1592","15.625","81920","8096192"
"single","return","gnu-grep","13","122.9971","109.375","81920","8096192"
"single","return","search-original","13","218.545","203.125","81920","8178112"
"single","return","rg-auto","14","58.9832","46.875","81920","8096192"
"single","return","rg-one","14","62.8881","46.875","81920","8096192"
"single","return","git-grep","14","111.8516","15.625","81920","8096192"
"single","return","gnu-grep","14","123.1649","156.25","81920","8096192"
"single","return","search-original","14","212.3626","234.375","81920","8178112"
"single","return","prototype-scan","14","57.5301","31.25","81920","8096192"
"single","return","rg-one","15","65.9977","46.875","81920","8096192"
"single","return","git-grep","15","116.9655","15.625","81920","8096192"
"single","return","gnu-grep","15","123.0241","78.125","81920","8096192"
"single","return","search-original","15","223.9936","234.375","81920","8178112"
"single","return","prototype-scan","15","55.5429","46.875","81920","8096192"
"single","return","rg-auto","15","57.219","31.25","81920","8096192"
"single","return","git-grep","16","118.1179","15.625","81920","8096192"
"single","return","gnu-grep","16","122.2751","78.125","81920","8096192"
"single","return","search-original","16","214.6576","203.125","81920","8178112"
"single","return","prototype-scan","16","55.1608","15.625","81920","8096192"
"single","return","rg-auto","16","107.1276","31.25","81920","8096192"
"single","return","rg-one","16","64.7586","15.625","81920","8096192"
"single","return","gnu-grep","17","119.0602","125","81920","8096192"
"single","return","search-original","17","231.3072","250","81920","8178112"
"single","return","prototype-scan","17","53.6131","46.875","81920","8096192"
"single","return","rg-auto","17","64.8555","93.75","81920","8096192"
"single","return","rg-one","17","62.577","31.25","81920","8096192"
"single","return","git-grep","17","123.5858","15.625","81920","8096192"
"single","return","search-original","18","247.3028","218.75","81920","8178112"
"single","return","prototype-scan","18","59.9353","46.875","81920","8096192"
"single","return","rg-auto","18","63.13","31.25","81920","8096192"
"single","return","rg-one","18","63.7025","31.25","81920","8096192"
"single","return","git-grep","18","118.6028","0","81920","8096192"
"single","return","gnu-grep","18","152.3055","93.75","81920","8096192"
"single","return","prototype-scan","19","59.1475","15.625","81920","8096192"
"single","return","rg-auto","19","60.9371","15.625","81920","8096192"
"single","return","rg-one","19","66.065","46.875","81920","8096192"
"single","return","git-grep","19","112.8064","15.625","81920","8096192"
"single","return","gnu-grep","19","121.7247","78.125","81920","8096192"
"single","return","search-original","19","232.7203","203.125","81920","8178112"
"single","return","rg-auto","20","56.7827","46.875","81920","8096192"
"single","return","rg-one","20","59.0183","31.25","81920","8096192"
"single","return","git-grep","20","106.5035","31.25","81920","8096192"
"single","return","gnu-grep","20","117.1617","109.375","81920","8096192"
"single","return","search-original","20","213.8229","203.125","81920","8178112"
"single","return","prototype-scan","20","72.9818","31.25","81920","8096192"
"single","return","rg-one","21","60.7842","31.25","81920","8096192"
"single","return","git-grep","21","104.6182","15.625","81920","8096192"
"single","return","gnu-grep","21","119.7331","93.75","81920","8096192"
"single","return","search-original","21","224.397","218.75","81920","8178112"
"single","return","prototype-scan","21","61.9823","46.875","81920","8096192"
"single","return","rg-auto","21","56.6622","46.875","81920","8096192"
"single","::","prototype-scan","1","35.5114","15.625","0","0"
"single","::","rg-auto","1","35.4082","31.25","0","0"
"single","::","rg-one","1","30.4612","15.625","0","0"
"single","::","git-grep","1","58.1222","0","0","0"
"single","::","gnu-grep","1","70.8441","62.5","0","0"
"single","::","search-original","1","46.7971","62.5","0","0"
"single","::","rg-auto","2","37.8227","15.625","0","0"
"single","::","rg-one","2","32.3607","15.625","0","0"
"single","::","git-grep","2","57.759","15.625","0","0"
"single","::","gnu-grep","2","71.63","78.125","0","0"
"single","::","search-original","2","50.5107","31.25","0","0"
"single","::","prototype-scan","2","36.3077","31.25","0","0"
"single","::","rg-one","3","32.085","15.625","0","0"
"single","::","git-grep","3","58.0927","0","0","0"
"single","::","gnu-grep","3","71.0401","62.5","0","0"
"single","::","search-original","3","48.8582","78.125","0","0"
"single","::","prototype-scan","3","33.7663","31.25","0","0"
"single","::","rg-auto","3","37.1135","46.875","0","0"
"single","::","git-grep","4","58.2665","0","0","0"
"single","::","gnu-grep","4","75.4471","62.5","0","0"
"single","::","search-original","4","51.2481","31.25","0","0"
"single","::","prototype-scan","4","34.5145","15.625","0","0"
"single","::","rg-auto","4","34.8479","15.625","0","0"
"single","::","rg-one","4","31.4995","15.625","0","0"
"single","::","gnu-grep","5","72.0538","46.875","0","0"
"single","::","search-original","5","48.3463","31.25","0","0"
"single","::","prototype-scan","5","33.9047","15.625","0","0"
"single","::","rg-auto","5","36.6385","15.625","0","0"
"single","::","rg-one","5","31.6918","31.25","0","0"
"single","::","git-grep","5","58.2481","15.625","0","0"
"single","::","search-original","6","48.2636","46.875","0","0"
"single","::","prototype-scan","6","34.1627","0","0","0"
"single","::","rg-auto","6","37.9597","15.625","0","0"
"single","::","rg-one","6","31.4059","15.625","0","0"
"single","::","git-grep","6","57.6822","15.625","0","0"
"single","::","gnu-grep","6","70.6848","46.875","0","0"
"single","::","prototype-scan","7","34.0003","31.25","0","0"
"single","::","rg-auto","7","38.9345","15.625","0","0"
"single","::","rg-one","7","31.5361","15.625","0","0"
"single","::","git-grep","7","58.0964","0","0","0"
"single","::","gnu-grep","7","72.4316","46.875","0","0"
"single","::","search-original","7","48.4243","31.25","0","0"
"single","::","rg-auto","8","35.1145","15.625","0","0"
"single","::","rg-one","8","29.5238","15.625","0","0"
"single","::","git-grep","8","55.1568","0","0","0"
"single","::","gnu-grep","8","68.9631","62.5","0","0"
"single","::","search-original","8","46.7755","15.625","0","0"
"single","::","prototype-scan","8","38.6221","15.625","0","0"
"single","::","rg-one","9","32.8113","31.25","0","0"
"single","::","git-grep","9","59.7724","15.625","0","0"
"single","::","gnu-grep","9","71.5685","62.5","0","0"
"single","::","search-original","9","47.4058","31.25","0","0"
"single","::","prototype-scan","9","34.2821","15.625","0","0"
"single","::","rg-auto","9","38.0123","15.625","0","0"
"single","::","git-grep","10","58.1997","0","0","0"
"single","::","gnu-grep","10","70.4103","62.5","0","0"
"single","::","search-original","10","50.3624","125","0","0"
"single","::","prototype-scan","10","35.3797","15.625","0","0"
"single","::","rg-auto","10","37.6045","62.5","0","0"
"single","::","rg-one","10","51.7932","15.625","0","0"
"single","::","gnu-grep","11","74.0096","62.5","0","0"
"single","::","search-original","11","48.2219","78.125","0","0"
"single","::","prototype-scan","11","33.1038","15.625","0","0"
"single","::","rg-auto","11","34.5865","15.625","0","0"
"single","::","rg-one","11","29.7459","15.625","0","0"
"single","::","git-grep","11","56.2992","62.5","0","0"
"single","::","search-original","12","46.7229","78.125","0","0"
"single","::","prototype-scan","12","34.7043","31.25","0","0"
"single","::","rg-auto","12","37.2406","46.875","0","0"
"single","::","rg-one","12","32.327","15.625","0","0"
"single","::","git-grep","12","57.0671","0","0","0"
"single","::","gnu-grep","12","71.0487","62.5","0","0"
"single","::","prototype-scan","13","32.5607","15.625","0","0"
"single","::","rg-auto","13","36.9722","15.625","0","0"
"single","::","rg-one","13","32.4966","15.625","0","0"
"single","::","git-grep","13","56.5596","0","0","0"
"single","::","gnu-grep","13","71.6447","78.125","0","0"
"single","::","search-original","13","47.3671","31.25","0","0"
"single","::","rg-auto","14","35.0387","15.625","0","0"
"single","::","rg-one","14","30.4238","15.625","0","0"
"single","::","git-grep","14","56.4214","0","0","0"
"single","::","gnu-grep","14","73.7126","46.875","0","0"
"single","::","search-original","14","48.1752","31.25","0","0"
"single","::","prototype-scan","14","35.1556","15.625","0","0"
"single","::","rg-one","15","32.77","15.625","0","0"
"single","::","git-grep","15","61.7576","15.625","0","0"
"single","::","gnu-grep","15","73.2268","46.875","0","0"
"single","::","search-original","15","47.5138","31.25","0","0"
"single","::","prototype-scan","15","34.3036","15.625","0","0"
"single","::","rg-auto","15","36.0362","15.625","0","0"
"single","::","git-grep","16","56.993","31.25","0","0"
"single","::","gnu-grep","16","71.6141","62.5","0","0"
"single","::","search-original","16","46.7163","31.25","0","0"
"single","::","prototype-scan","16","32.2467","15.625","0","0"
"single","::","rg-auto","16","35.7904","15.625","0","0"
"single","::","rg-one","16","30.8951","15.625","0","0"
"single","::","gnu-grep","17","71.3892","62.5","0","0"
"single","::","search-original","17","45.9727","15.625","0","0"
"single","::","prototype-scan","17","32.2766","15.625","0","0"
"single","::","rg-auto","17","36.9642","15.625","0","0"
"single","::","rg-one","17","31.2804","15.625","0","0"
"single","::","git-grep","17","56.1536","15.625","0","0"
"single","::","search-original","18","46.4773","31.25","0","0"
"single","::","prototype-scan","18","32.3076","15.625","0","0"
"single","::","rg-auto","18","38.4567","15.625","0","0"
"single","::","rg-one","18","31.8598","15.625","0","0"
"single","::","git-grep","18","56.783","15.625","0","0"
"single","::","gnu-grep","18","73.1376","62.5","0","0"
"single","::","prototype-scan","19","32.1395","15.625","0","0"
"single","::","rg-auto","19","37.5748","15.625","0","0"
"single","::","rg-one","19","31.5552","31.25","0","0"
"single","::","git-grep","19","56.4568","15.625","0","0"
"single","::","gnu-grep","19","72.3508","46.875","0","0"
"single","::","search-original","19","47.2546","31.25","0","0"
"single","::","rg-auto","20","37.6362","15.625","0","0"
"single","::","rg-one","20","31.6954","15.625","0","0"
"single","::","git-grep","20","56.0068","0","0","0"
"single","::","gnu-grep","20","71.5258","46.875","0","0"
"single","::","search-original","20","48.6889","31.25","0","0"
"single","::","prototype-scan","20","34.4873","15.625","0","0"
"single","::","rg-one","21","31.5577","15.625","0","0"
"single","::","git-grep","21","54.1134","0","0","0"
"single","::","gnu-grep","21","70.2025","78.125","0","0"
"single","::","search-original","21","46.4172","15.625","0","0"
"single","::","prototype-scan","21","33.2978","15.625","0","0"
"single","::","rg-auto","21","36.0566","15.625","0","0"
"single","café","prototype-scan","1","60.1566","46.875","81920","9570754"
"single","café","rg-auto","1","99.3523","140.625","81920","9570754"
"single","café","rg-one","1","79.7606","62.5","81920","9570754"
"single","café","git-grep","1","114.7448","15.625","81920","9570754"
"single","café","gnu-grep","1","149.2015","62.5","81920","9570754"
"single","café","search-original","1","206.9354","171.875","81920","9652674"
"single","café","rg-auto","2","62.5678","62.5","81920","9570754"
"single","café","rg-one","2","70.4518","62.5","81920","9570754"
"single","café","git-grep","2","112.669","0","81920","9570754"
"single","café","gnu-grep","2","150.8075","78.125","81920","9570754"
"single","café","search-original","2","221.7511","234.375","81920","9652674"
"single","café","prototype-scan","2","81.2926","15.625","81920","9570754"
"single","café","rg-one","3","109.5497","46.875","81920","9570754"
"single","café","git-grep","3","106.0578","15.625","81920","9570754"
"single","café","gnu-grep","3","104.2516","62.5","81920","9570754"
"single","café","search-original","3","237.4876","187.5","81920","9652674"
"single","café","prototype-scan","3","80.9026","46.875","81920","9570754"
"single","café","rg-auto","3","78.1795","46.875","81920","9570754"
"single","café","git-grep","4","130.3432","15.625","81920","9570754"
"single","café","gnu-grep","4","104.1668","78.125","81920","9570754"
"single","café","search-original","4","206.2725","203.125","81920","9652674"
"single","café","prototype-scan","4","68.0096","62.5","81920","9570754"
"single","café","rg-auto","4","80.2088","31.25","81920","9570754"
"single","café","rg-one","4","77.2968","31.25","81920","9570754"
"single","café","gnu-grep","5","108.8019","46.875","81920","9570754"
"single","café","search-original","5","212.6484","234.375","81920","9652674"
"single","café","prototype-scan","5","60.4897","46.875","81920","9570754"
"single","café","rg-auto","5","72.4349","62.5","81920","9570754"
"single","café","rg-one","5","106.1693","0","81920","9570754"
"single","café","git-grep","5","105.1734","46.875","81920","9570754"
"single","café","search-original","6","231.4793","203.125","81920","9652674"
"single","café","prototype-scan","6","59.8837","15.625","81920","9570754"
"single","café","rg-auto","6","56.8687","46.875","81920","9570754"
"single","café","rg-one","6","102.4361","78.125","81920","9570754"
"single","café","git-grep","6","122.3601","15.625","81920","9570754"
"single","café","gnu-grep","6","103.9477","93.75","81920","9570754"
"single","café","prototype-scan","7","59.7824","31.25","81920","9570754"
"single","café","rg-auto","7","57.7334","15.625","81920","9570754"
"single","café","rg-one","7","70.8748","46.875","81920","9570754"
"single","café","git-grep","7","113.762","0","81920","9570754"
"single","café","gnu-grep","7","133.8832","109.375","81920","9570754"
"single","café","search-original","7","248.7628","250","81920","9652674"
"single","café","rg-auto","8","71.5736","31.25","81920","9570754"
"single","café","rg-one","8","102.7153","31.25","81920","9570754"
"single","café","git-grep","8","140.5829","15.625","81920","9570754"
"single","café","gnu-grep","8","107.8452","78.125","81920","9570754"
"single","café","search-original","8","208.0238","218.75","81920","9652674"
"single","café","prototype-scan","8","76.6971","31.25","81920","9570754"
"single","café","rg-one","9","82.7171","31.25","81920","9570754"
"single","café","git-grep","9","128.6077","31.25","81920","9570754"
"single","café","gnu-grep","9","114.6775","93.75","81920","9570754"
"single","café","search-original","9","220.8671","187.5","81920","9652674"
"single","café","prototype-scan","9","62.4435","46.875","81920","9570754"
"single","café","rg-auto","9","67.7477","46.875","81920","9570754"
"single","café","git-grep","10","117.6146","31.25","81920","9570754"
"single","café","gnu-grep","10","105.9087","78.125","81920","9570754"
"single","café","search-original","10","211.7187","218.75","81920","9652674"
"single","café","prototype-scan","10","61.2467","46.875","81920","9570754"
"single","café","rg-auto","10","91.7912","46.875","81920","9570754"
"single","café","rg-one","10","91.2491","31.25","81920","9570754"
"single","café","gnu-grep","11","118.5985","78.125","81920","9570754"
"single","café","search-original","11","202.9729","187.5","81920","9652674"
"single","café","prototype-scan","11","67.1241","46.875","81920","9570754"
"single","café","rg-auto","11","54.5691","31.25","81920","9570754"
"single","café","rg-one","11","88.8932","15.625","81920","9570754"
"single","café","git-grep","11","112.0664","0","81920","9570754"
"single","café","search-original","12","218.7861","218.75","81920","9652674"
"single","café","prototype-scan","12","63.9594","46.875","81920","9570754"
"single","café","rg-auto","12","62.8551","15.625","81920","9570754"
"single","café","rg-one","12","100.4827","31.25","81920","9570754"
"single","café","git-grep","12","110.5212","15.625","81920","9570754"
"single","café","gnu-grep","12","106.7526","93.75","81920","9570754"
"single","café","prototype-scan","13","59.5966","46.875","81920","9570754"
"single","café","rg-auto","13","63.6555","31.25","81920","9570754"
"single","café","rg-one","13","76.8122","62.5","81920","9570754"
"single","café","git-grep","13","107.2412","31.25","81920","9570754"
"single","café","gnu-grep","13","109.2196","62.5","81920","9570754"
"single","café","search-original","13","199.9124","171.875","81920","9652674"
"single","café","rg-auto","14","57.6811","46.875","81920","9570754"
"single","café","rg-one","14","81.6242","31.25","81920","9570754"
"single","café","git-grep","14","121.1792","15.625","81920","9570754"
"single","café","gnu-grep","14","103.6416","93.75","81920","9570754"
"single","café","search-original","14","207.4911","203.125","81920","9652674"
"single","café","prototype-scan","14","65.3131","31.25","81920","9570754"
"single","café","rg-one","15","88.1569","62.5","81920","9570754"
"single","café","git-grep","15","130.1512","0","81920","9570754"
"single","café","gnu-grep","15","111.4339","62.5","81920","9570754"
"single","café","search-original","15","211.2159","234.375","81920","9652674"
"single","café","prototype-scan","15","63.8084","46.875","81920","9570754"
"single","café","rg-auto","15","61.7872","15.625","81920","9570754"
"single","café","git-grep","16","137.2123","31.25","81920","9570754"
"single","café","gnu-grep","16","109.9275","93.75","81920","9570754"
"single","café","search-original","16","225.7822","187.5","81920","9652674"
"single","café","prototype-scan","16","60.9015","46.875","81920","9570754"
"single","café","rg-auto","16","66.0082","31.25","81920","9570754"
"single","café","rg-one","16","76.2068","46.875","81920","9570754"
"single","café","gnu-grep","17","110.8289","62.5","81920","9570754"
"single","café","search-original","17","229.7849","187.5","81920","9652674"
"single","café","prototype-scan","17","62.2877","31.25","81920","9570754"
"single","café","rg-auto","17","65.5204","46.875","81920","9570754"
"single","café","rg-one","17","80.7274","46.875","81920","9570754"
"single","café","git-grep","17","111.3329","15.625","81920","9570754"
"single","café","search-original","18","217.1601","218.75","81920","9652674"
"single","café","prototype-scan","18","76.1442","31.25","81920","9570754"
"single","café","rg-auto","18","54.3429","46.875","81920","9570754"
"single","café","rg-one","18","66.3187","46.875","81920","9570754"
"single","café","git-grep","18","106.4431","15.625","81920","9570754"
"single","café","gnu-grep","18","135.0323","78.125","81920","9570754"
"single","café","prototype-scan","19","60.9913","15.625","81920","9570754"
"single","café","rg-auto","19","64.753","31.25","81920","9570754"
"single","café","rg-one","19","68.4184","46.875","81920","9570754"
"single","café","git-grep","19","112.5542","31.25","81920","9570754"
"single","café","gnu-grep","19","106.939","78.125","81920","9570754"
"single","café","search-original","19","223.0473","343.75","81920","9652674"
"single","café","rg-auto","20","57.2728","15.625","81920","9570754"
"single","café","rg-one","20","68.1691","31.25","81920","9570754"
"single","café","git-grep","20","119.5859","0","81920","9570754"
"single","café","gnu-grep","20","124.4863","46.875","81920","9570754"
"single","café","search-original","20","220.2377","187.5","81920","9652674"
"single","café","prototype-scan","20","77.9297","31.25","81920","9570754"
"single","café","rg-one","21","70.2095","31.25","81920","9570754"
"single","café","git-grep","21","118.1084","0","81920","9570754"
"single","café","gnu-grep","21","106.4738","62.5","81920","9570754"
"single","café","search-original","21","223.2044","171.875","81920","9652674"
"single","café","prototype-scan","21","64.6253","31.25","81920","9570754"
"single","café","rg-auto","21","63.1167","15.625","81920","9570754"
"single","normalize_search_text","prototype-scan","1","34.4984","15.625","0","0"
"single","normalize_search_text","rg-auto","1","36.5711","15.625","0","0"
"single","normalize_search_text","rg-one","1","30.6331","15.625","0","0"
"single","normalize_search_text","git-grep","1","65.1789","15.625","0","0"
"single","normalize_search_text","gnu-grep","1","70.1897","46.875","0","0"
"single","normalize_search_text","search-original","1","47.395","15.625","0","0"
"single","normalize_search_text","rg-auto","2","35.9416","46.875","0","0"
"single","normalize_search_text","rg-one","2","31.6703","15.625","0","0"
"single","normalize_search_text","git-grep","2","67.6181","0","0","0"
"single","normalize_search_text","gnu-grep","2","71.021","78.125","0","0"
"single","normalize_search_text","search-original","2","47.4289","31.25","0","0"
"single","normalize_search_text","prototype-scan","2","32.4667","15.625","0","0"
"single","normalize_search_text","rg-one","3","30.7233","15.625","0","0"
"single","normalize_search_text","git-grep","3","64.2807","15.625","0","0"
"single","normalize_search_text","gnu-grep","3","70.352","62.5","0","0"
"single","normalize_search_text","search-original","3","46.8248","46.875","0","0"
"single","normalize_search_text","prototype-scan","3","33.597","15.625","0","0"
"single","normalize_search_text","rg-auto","3","36.3881","15.625","0","0"
"single","normalize_search_text","git-grep","4","63.599","31.25","0","0"
"single","normalize_search_text","gnu-grep","4","70.3162","62.5","0","0"
"single","normalize_search_text","search-original","4","45.0973","15.625","0","0"
"single","normalize_search_text","prototype-scan","4","33.2886","15.625","0","0"
"single","normalize_search_text","rg-auto","4","37.2565","15.625","0","0"
"single","normalize_search_text","rg-one","4","44.5017","15.625","0","0"
"single","normalize_search_text","gnu-grep","5","72.5073","93.75","0","0"
"single","normalize_search_text","search-original","5","46.6886","31.25","0","0"
"single","normalize_search_text","prototype-scan","5","32.534","15.625","0","0"
"single","normalize_search_text","rg-auto","5","34.9824","15.625","0","0"
"single","normalize_search_text","rg-one","5","31.3638","15.625","0","0"
"single","normalize_search_text","git-grep","5","63.7531","31.25","0","0"
"single","normalize_search_text","search-original","6","44.2666","31.25","0","0"
"single","normalize_search_text","prototype-scan","6","32.9759","31.25","0","0"
"single","normalize_search_text","rg-auto","6","37.2423","15.625","0","0"
"single","normalize_search_text","rg-one","6","31.1807","15.625","0","0"
"single","normalize_search_text","git-grep","6","65.0648","0","0","0"
"single","normalize_search_text","gnu-grep","6","71.3241","46.875","0","0"
"single","normalize_search_text","prototype-scan","7","32.2767","31.25","0","0"
"single","normalize_search_text","rg-auto","7","35.5648","15.625","0","0"
"single","normalize_search_text","rg-one","7","30.8908","15.625","0","0"
"single","normalize_search_text","git-grep","7","65.6831","15.625","0","0"
"single","normalize_search_text","gnu-grep","7","71.7821","62.5","0","0"
"single","normalize_search_text","search-original","7","46.7012","31.25","0","0"
"single","normalize_search_text","rg-auto","8","35.3673","15.625","0","0"
"single","normalize_search_text","rg-one","8","30.6932","15.625","0","0"
"single","normalize_search_text","git-grep","8","65.0169","15.625","0","0"
"single","normalize_search_text","gnu-grep","8","70.996","78.125","0","0"
"single","normalize_search_text","search-original","8","45.5696","15.625","0","0"
"single","normalize_search_text","prototype-scan","8","33.5386","15.625","0","0"
"single","normalize_search_text","rg-one","9","31.9697","15.625","0","0"
"single","normalize_search_text","git-grep","9","66.5441","15.625","0","0"
"single","normalize_search_text","gnu-grep","9","70.7826","78.125","0","0"
"single","normalize_search_text","search-original","9","45.5988","15.625","0","0"
"single","normalize_search_text","prototype-scan","9","33.905","15.625","0","0"
"single","normalize_search_text","rg-auto","9","35.3816","15.625","0","0"
"single","normalize_search_text","git-grep","10","65.5801","31.25","0","0"
"single","normalize_search_text","gnu-grep","10","70.1052","62.5","0","0"
"single","normalize_search_text","search-original","10","46.7658","78.125","0","0"
"single","normalize_search_text","prototype-scan","10","33.3668","31.25","0","0"
"single","normalize_search_text","rg-auto","10","35.7765","15.625","0","0"
"single","normalize_search_text","rg-one","10","31.4966","15.625","0","0"
"single","normalize_search_text","gnu-grep","11","69.5865","62.5","0","0"
"single","normalize_search_text","search-original","11","47.3843","31.25","0","0"
"single","normalize_search_text","prototype-scan","11","32.6717","15.625","0","0"
"single","normalize_search_text","rg-auto","11","35.3362","15.625","0","0"
"single","normalize_search_text","rg-one","11","30.417","31.25","0","0"
"single","normalize_search_text","git-grep","11","65.5167","31.25","0","0"
"single","normalize_search_text","search-original","12","46.5234","31.25","0","0"
"single","normalize_search_text","prototype-scan","12","32.7156","15.625","0","0"
"single","normalize_search_text","rg-auto","12","38.4139","15.625","0","0"
"single","normalize_search_text","rg-one","12","30.9822","31.25","0","0"
"single","normalize_search_text","git-grep","12","63.2005","31.25","0","0"
"single","normalize_search_text","gnu-grep","12","69.4876","78.125","0","0"
"single","normalize_search_text","prototype-scan","13","32.5913","15.625","0","0"
"single","normalize_search_text","rg-auto","13","35.7524","15.625","0","0"
"single","normalize_search_text","rg-one","13","30.0157","15.625","0","0"
"single","normalize_search_text","git-grep","13","63.3631","0","0","0"
"single","normalize_search_text","gnu-grep","13","70.6319","78.125","0","0"
"single","normalize_search_text","search-original","13","45.4114","46.875","0","0"
"single","normalize_search_text","rg-auto","14","37.4369","15.625","0","0"
"single","normalize_search_text","rg-one","14","30.584","15.625","0","0"
"single","normalize_search_text","git-grep","14","66.5586","15.625","0","0"
"single","normalize_search_text","gnu-grep","14","72.516","62.5","0","0"
"single","normalize_search_text","search-original","14","46.4793","78.125","0","0"
"single","normalize_search_text","prototype-scan","14","33.0695","15.625","0","0"
"single","normalize_search_text","rg-one","15","31.3691","15.625","0","0"
"single","normalize_search_text","git-grep","15","64.0239","0","0","0"
"single","normalize_search_text","gnu-grep","15","72.329","62.5","0","0"
"single","normalize_search_text","search-original","15","46.871","78.125","0","0"
"single","normalize_search_text","prototype-scan","15","32.3732","15.625","0","0"
"single","normalize_search_text","rg-auto","15","34.873","15.625","0","0"
"single","normalize_search_text","git-grep","16","70.7135","0","0","0"
"single","normalize_search_text","gnu-grep","16","70.9659","46.875","0","0"
"single","normalize_search_text","search-original","16","44.5228","46.875","0","0"
"single","normalize_search_text","prototype-scan","16","35.1618","15.625","0","0"
"single","normalize_search_text","rg-auto","16","40.644","15.625","0","0"
"single","normalize_search_text","rg-one","16","40.4571","46.875","0","0"
"single","normalize_search_text","gnu-grep","17","75.1966","62.5","0","0"
"single","normalize_search_text","search-original","17","45.9317","15.625","0","0"
"single","normalize_search_text","prototype-scan","17","34.0351","15.625","0","0"
"single","normalize_search_text","rg-auto","17","37.1303","15.625","0","0"
"single","normalize_search_text","rg-one","17","31.0682","31.25","0","0"
"single","normalize_search_text","git-grep","17","69.0634","62.5","0","0"
"single","normalize_search_text","search-original","18","56.7504","31.25","0","0"
"single","normalize_search_text","prototype-scan","18","36.7502","15.625","0","0"
"single","normalize_search_text","rg-auto","18","39.2867","15.625","0","0"
"single","normalize_search_text","rg-one","18","31.805","31.25","0","0"
"single","normalize_search_text","git-grep","18","65.5416","15.625","0","0"
"single","normalize_search_text","gnu-grep","18","72.2844","62.5","0","0"
"single","normalize_search_text","prototype-scan","19","33.8644","31.25","0","0"
"single","normalize_search_text","rg-auto","19","35.3306","31.25","0","0"
"single","normalize_search_text","rg-one","19","31.4682","15.625","0","0"
"single","normalize_search_text","git-grep","19","65.601","0","0","0"
"single","normalize_search_text","gnu-grep","19","72.4298","46.875","0","0"
"single","normalize_search_text","search-original","19","45.7304","15.625","0","0"
"single","normalize_search_text","rg-auto","20","35.1369","15.625","0","0"
"single","normalize_search_text","rg-one","20","31.4859","15.625","0","0"
"single","normalize_search_text","git-grep","20","65.9792","15.625","0","0"
"single","normalize_search_text","gnu-grep","20","74.9215","62.5","0","0"
"single","normalize_search_text","search-original","20","45.9742","31.25","0","0"
"single","normalize_search_text","prototype-scan","20","33.2094","15.625","0","0"
"single","normalize_search_text","rg-one","21","31.4537","15.625","0","0"
"single","normalize_search_text","git-grep","21","65.0982","15.625","0","0"
"single","normalize_search_text","gnu-grep","21","73.6272","78.125","0","0"
"single","normalize_search_text","search-original","21","46.4494","78.125","0","0"
"single","normalize_search_text","prototype-scan","21","32.5868","15.625","0","0"
"single","normalize_search_text","rg-auto","21","36.0116","15.625","0","0"
